ID,名称,名称（JP）,属性,种类,种别,威力,命中,优先,SP,技能特性,集弹1,集防1,散弹1,散防1,敏捷1,命中1,回避1,集弹2,集防2,散弹2,散防2,敏捷2,命中2,回避2,痛烈,痛烈临时加成,伤害反伤,HP伤害,附加脚本,概率,状态变化,状态变化对象,未表示的部分,说明（汉化）,说明
36,齐射,斉射,1,2,2,60,‐,0,20,0,0,0,0,0,0,0,0,0,0,0,0,0,0,0,0,0,0,0,,0,,,,攻击一定命中。,攻撃が必ず当たる。(0)
215,,木葉の螺旋道,4,2,1,60,‐,0,20,0,0,0,0,0,0,0,0,0,0,0,0,0,0,0,0,0,0,0,,0,,,,攻击一定命中。,攻撃が必ず当たる。(0)
309,,返しの刃,6,1,1,60,‐,0,20,0,0,0,0,0,0,0,0,0,0,0,0,0,0,0,0,0,0,0,,0,,,,攻击一定命中。,攻撃が必ず当たる。(0)
356,,風の列車,7,1,2,60,‐,0,20,0,0,0,0,0,0,0,0,0,0,0,0,0,0,0,0,0,0,0,,0,,,,攻击一定命中。,攻撃が必ず当たる。(0)
604,,ソウルハウンド,11,1,2,60,‐,0,20,0,0,0,0,0,0,0,0,0,0,0,0,0,0,0,0,0,0,0,,0,,,,攻击一定命中。,攻撃が必ず当たる。(0)
662,,ライフバースト,13,1,2,80,‐,0,20,0,0,0,0,0,0,0,0,0,0,0,0,0,0,0,0,0,0,0,,0,,,,攻击一定命中。,攻撃が必ず当たる。(0)
709,,インビジブルハート,14,1,2,60,‐,0,20,0,0,0,0,0,0,0,0,0,0,0,0,0,0,0,0,0,0,0,,0,,,,攻击一定命中。,攻撃が必ず当たる。(0)
758,,夢幻のメロディー,15,2,2,60,‐,0,15,0,0,0,0,0,0,0,0,0,0,0,0,0,0,0,0,0,0,0,,0,,,,攻击一定命中。,攻撃が必ず当たる。(0)
819,,時の螺旋,17,1,2,60,‐,0,20,0,0,0,0,0,0,0,0,0,0,0,0,0,0,0,0,0,0,0,,0,,,,攻击一定命中。,攻撃が必ず当たる。(0)
127,炎符,炎符,2,2,2,60,100,0,10,0,0,0,0,0,0,0,0,0,0,0,0,0,0,0,0,0,0,0,,0,,,属性符,属性符，只能习得一个。,属性符は一つしか習得できない。(0)
179,水符,水符,3,2,2,60,100,0,10,0,0,0,0,0,0,0,0,0,0,0,0,0,0,0,0,0,0,0,,0,,,属性符,属性符，只能习得一个。,属性符は一つしか習得できない。(0)
233,自然符,自然符,4,2,2,60,100,0,10,0,0,0,0,0,0,0,0,0,0,0,0,0,0,0,0,0,0,0,,0,,,属性符,属性符，只能习得一个。,属性符は一つしか習得できない。(0)
273,大地符,大地符,5,2,2,60,100,0,10,0,0,0,0,0,0,0,0,0,0,0,0,0,0,0,0,0,0,0,,0,,,属性符,属性符，只能习得一个。,属性符は一つしか習得できない。(0)
327,钢铁符,鋼鉄符,6,2,2,60,100,0,10,0,0,0,0,0,0,0,0,0,0,0,0,0,0,0,0,0,0,0,,0,,,属性符,属性符，只能习得一个。,属性符は一つしか習得できない。(0)
375,风符,風符,7,2,2,60,100,0,10,0,0,0,0,0,0,0,0,0,0,0,0,0,0,0,0,0,0,0,,0,,,属性符,属性符，只能习得一个。,属性符は一つしか習得できない。(0)
421,雷符,雷符,8,2,2,60,100,0,10,0,0,0,0,0,0,0,0,0,0,0,0,0,0,0,0,0,0,0,,0,,,属性符,属性符，只能习得一个。,属性符は一つしか習得できない。(0)
474,光符,光符,9,2,2,60,100,0,10,0,0,0,0,0,0,0,0,0,0,0,0,0,0,0,0,0,0,0,,0,,,属性符,属性符，只能习得一个。,属性符は一つしか習得できない。(0)
524,暗符,闇符,10,2,2,60,100,0,10,0,0,0,0,0,0,0,0,0,0,0,0,0,0,0,0,0,0,0,,0,,,属性符,属性符，只能习得一个。,属性符は一つしか習得できない。(0)
623,冥符,冥符,11,2,2,60,100,0,10,0,0,0,0,0,0,0,0,0,0,0,0,0,0,0,0,0,0,0,,0,,,属性符,属性符，只能习得一个。,属性符は一つしか習得できない。(0)
566,毒符,毒符,12,2,2,60,100,0,10,0,0,0,0,0,0,0,0,0,0,0,0,0,0,0,0,0,0,0,,0,,,属性符,属性符，只能习得一个。,属性符は一つしか習得できない。(0)
680,斗符,闘符,13,2,2,60,100,0,10,0,0,0,0,0,0,0,0,0,0,0,0,0,0,0,0,0,0,0,,0,,,属性符,属性符，只能习得一个。,属性符は一つしか習得できない。(0)
741,幻符,幻符,14,2,2,60,100,0,10,0,0,0,0,0,0,0,0,0,0,0,0,0,0,0,0,0,0,0,,0,,,属性符,属性符，只能习得一个。,属性符は一つしか習得できない。(0)
782,音符,音符,15,2,2,60,100,0,10,0,0,0,0,0,0,0,0,0,0,0,0,0,0,0,0,0,0,0,,0,,,属性符,属性符，只能习得一个。,属性符は一つしか習得できない。(0)
817,歪符,歪符,17,2,2,60,100,0,10,0,0,0,0,0,0,0,0,0,0,0,0,0,0,0,0,0,0,0,,0,,,属性符,属性符，只能习得一个。,属性符は一つしか習得できない。(0)
13,变幻自在,変幻自在,1,1,0,50,100,0,15,0,0,0,0,0,0,0,0,0,0,0,0,0,0,0,0,0,0,0,,0,,,,普通攻击。,通常攻撃。(0)
22,狂乱净琉璃,狂乱浄瑠璃,1,1,1,100,100,0,20,0,0,0,0,0,0,0,0,0,0,0,0,0,0,0,0,0,0,0,,0,,,,普通攻击。,通常攻撃。(0)
23,归燕,帰燕,1,1,1,80,100,2,5,0,0,0,0,0,0,0,0,0,0,0,0,0,0,0,0,0,0,0,,0,,,,普通攻击。,通常攻撃。(0)
30,虎奔,虎走り,1,1,1,40,100,1,30,0,0,0,0,0,0,0,0,0,0,0,0,0,0,0,0,0,0,0,,0,,,,普通攻击。,通常攻撃。(0)
63,高速集中弹幕,高速集中弾幕,1,1,2,140,100,0,5,0,0,0,0,0,0,0,0,0,0,0,0,0,0,0,0,0,0,0,,0,,,,普通攻击。,通常攻撃。(0)
64,浓密扩散弹幕,濃密扩散弾幕,1,2,2,140,100,0,5,0,0,0,0,0,0,0,0,0,0,0,0,0,0,0,0,0,0,0,,0,,,,普通攻击。,通常攻撃。(0)
65,,オーバーラン,1,2,2,100,100,0,20,0,0,0,0,0,0,0,0,0,0,0,0,0,0,0,0,0,0,0,,0,,,,普通攻击。,通常攻撃。(0)
151,,好調ビッグウェーブ,3,1,1,120,85,0,5,0,0,0,0,0,0,0,0,0,0,0,0,0,0,0,0,0,0,0,,0,,,,普通攻击。,通常攻撃。(0)
152,,滝落,3,1,1,100,100,0,10,0,0,0,0,0,0,0,0,0,0,0,0,0,0,0,0,0,0,0,,0,,,,普通攻击。,通常攻撃。(0)
158,,アクアカッター,3,1,1,40,100,1,20,0,0,0,0,0,0,0,0,0,0,0,0,0,0,0,0,0,0,0,,0,,,,普通攻击。,通常攻撃。(0)
175,,ウォーターボール,3,1,1,60,100,0,30,0,0,0,0,0,0,0,0,0,0,0,0,0,0,0,0,0,0,0,,0,,,,普通攻击。,通常攻撃。(0)
157,,アクアソニック,3,2,1,40,100,1,20,0,0,0,0,0,0,0,0,0,0,0,0,0,0,0,0,0,0,0,,0,,,,普通攻击。,通常攻撃。(0)
164,,氷獄,3,2,1,95,100,0,15,0,0,0,0,0,0,0,0,0,0,0,0,0,0,0,0,0,0,0,,0,,,,普通攻击。,通常攻撃。(0)
177,,シャボン玉,3,2,1,60,100,0,30,0,0,0,0,0,0,0,0,0,0,0,0,0,0,0,0,0,0,0,,0,,,,普通攻击。,通常攻撃。(0)
202,,ルートフローグ,4,1,2,120,85,0,5,0,0,0,0,0,0,0,0,0,0,0,0,0,0,0,0,0,0,0,,0,,,,普通攻击。,通常攻撃。(0)
231,,豆まき,4,2,1,60,100,0,30,0,0,0,0,0,0,0,0,0,0,0,0,0,0,0,0,0,0,0,,0,,,,普通攻击。,通常攻撃。(0)
253,,シューティングプレス,5,1,2,100,100,0,10,0,0,0,0,0,0,0,0,0,0,0,0,0,0,0,0,0,0,0,,0,,,,普通攻击。,通常攻撃。(0)
269,,どろだんご,5,1,1,60,100,0,30,0,0,0,0,0,0,0,0,0,0,0,0,0,0,0,0,0,0,0,,0,,,,普通攻击。,通常攻撃。(0)
264,,ジュエリーストーム,5,2,1,80,100,0,20,0,0,0,0,0,0,0,0,0,0,0,0,0,0,0,0,0,0,0,,0,,,,普通攻击。,通常攻撃。(0)
310,,抜打,6,1,1,40,100,1,20,0,0,0,0,0,0,0,0,0,0,0,0,0,0,0,0,0,0,0,,0,,,,普通攻击。,通常攻撃。(0)
371,,フェザーショット,7,1,2,60,100,0,30,0,0,0,0,0,0,0,0,0,0,0,0,0,0,0,0,0,0,0,,0,,,,普通攻击。,通常攻撃。(0)
364,,春一番,7,2,2,40,100,1,20,0,0,0,0,0,0,0,0,0,0,0,0,0,0,0,0,0,0,0,,0,,,,普通攻击。,通常攻撃。(0)
373,,小夜嵐,7,2,2,60,100,0,30,0,0,0,0,0,0,0,0,0,0,0,0,0,0,0,0,0,0,0,,0,,,,普通攻击。,通常攻撃。(0)
456,,オーバーレイ,9,1,2,40,100,1,20,0,0,0,0,0,0,0,0,0,0,0,0,0,0,0,0,0,0,0,,0,,,,普通攻击。,通常攻撃。(0)
459,,ムーンボウ,9,2,1,100,100,0,10,0,0,0,0,0,0,0,0,0,0,0,0,0,0,0,0,0,0,0,,0,,,,普通攻击。,通常攻撃。(0)
472,,原初の光,9,2,2,60,100,0,30,0,0,0,0,0,0,0,0,0,0,0,0,0,0,0,0,0,0,0,,0,,,,普通攻击。,通常攻撃。(0)
501,,宵闇インフェクション,10,1,2,120,85,0,5,0,0,0,0,0,0,0,0,0,0,0,0,0,0,0,0,0,0,0,,0,,,,普通攻击。,通常攻撃。(0)
526,,ナイトステップ,10,1,1,90,100,0,15,0,0,0,0,0,0,0,0,0,0,0,0,0,0,0,0,0,0,0,,0,,,,普通攻击。,通常攻撃。(0)
606,,シャドウボム,11,1,1,40,100,1,20,0,0,0,0,0,0,0,0,0,0,0,0,0,0,0,0,0,0,0,,0,,,,普通攻击。,通常攻撃。(0)
609,,飢え行く霊魂,11,2,1,100,100,0,10,0,0,0,0,0,0,0,0,0,0,0,0,0,0,0,0,0,0,0,,0,,,,普通攻击。,通常攻撃。(0)
568,,毒の濁流,12,1,2,100,100,0,10,0,0,0,0,0,0,0,0,0,0,0,0,0,0,0,0,0,0,0,,0,,,,普通攻击。,通常攻撃。(0)
668,,ストライクショット,13,1,1,40,100,1,20,0,0,0,0,0,0,0,0,0,0,0,0,0,0,0,0,0,0,0,,0,,,,普通攻击。,通常攻撃。(0)
677,,裏拳打ち,13,1,1,80,100,0,15,0,0,0,0,0,0,0,0,0,0,0,0,0,0,0,0,0,0,0,,0,,,,普通攻击。,通常攻撃。(0)
678,,兜割,13,2,1,60,100,0,30,0,0,0,0,0,0,0,0,0,0,0,0,0,0,0,0,0,0,0,,0,,,,普通攻击。,通常攻撃。(0)
682,,ブレイブバースト,13,2,2,90,100,0,15,0,0,0,0,0,0,0,0,0,0,0,0,0,0,0,0,0,0,0,,0,,,,普通攻击。,通常攻撃。(0)
737,,幻覚弾,14,1,1,60,100,0,30,0,0,0,0,0,0,0,0,0,0,0,0,0,0,0,0,0,0,0,,0,,,,普通攻击。,通常攻撃。(0)
743,,幻想ハルシネイション,14,1,2,120,85,0,5,0,0,0,0,0,0,0,0,0,0,0,0,0,0,0,0,0,0,0,,0,,,,普通攻击。,通常攻撃。(0)
739,,ウィルオウィスプ,14,2,2,60,100,0,30,0,0,0,0,0,0,0,0,0,0,0,0,0,0,0,0,0,0,0,,0,,,,普通攻击。,通常攻撃。(0)
778,,ハウリング,15,1,2,60,100,0,30,0,0,0,0,0,0,0,0,0,0,0,0,0,0,0,0,0,0,0,,0,,,,普通攻击。,通常攻撃。(0)
755,,弾幕オーケストラ,15,2,2,120,85,0,5,0,0,0,0,0,0,0,0,0,0,0,0,0,0,0,0,0,0,0,,0,,,,普通攻击。,通常攻撃。(0)
780,,ソプラノボイス,15,2,2,60,100,0,30,0,0,0,0,0,0,0,0,0,0,0,0,0,0,0,0,0,0,0,,0,,,,普通攻击。,通常攻撃。(0)
56,阴之气力,陰の気力,16,1,2,55,100,0,35,0,0,0,0,0,0,0,0,0,0,0,0,0,0,0,0,0,0,0,,0,,,,普通攻击。,通常攻撃。(0)
58,阳之气力,陽の気力,16,2,2,55,100,0,35,0,0,0,0,0,0,0,0,0,0,0,0,0,0,0,0,0,0,0,,0,,,,普通攻击。,通常攻撃。(0)
805,,トリックスター,17,1,1,40,100,1,20,0,0,0,0,0,0,0,0,0,0,0,0,0,0,0,0,0,0,0,,0,,,,普通攻击。,通常攻撃。(0)
551,,ベノムノヴァ,12,1,1,120,85,0,5,1,0,0,0,0,0,0,0,0,0,0,0,0,0,0,0,0,0,0,,1,毒,对手,,1成概率使对手中毒。,1割の確率で相手を毒状態にする。(1)
562,,パープルスモッグ,12,1,2,55,100,0,25,1,0,0,0,0,0,0,0,0,0,0,0,0,0,0,0,0,0,0,,1,毒,对手,,1成概率使对手中毒。,1割の確率で相手を毒状態にする。(1)
555,,ポイズンボム,12,2,1,95,100,0,15,1,0,0,0,0,0,0,0,0,0,0,0,0,0,0,0,0,0,0,,1,毒,对手,,1成概率使对手中毒。,1割の確率で相手を毒状態にする。(1)
552,,ダストボム,12,1,1,80,100,0,20,1,0,0,0,0,0,0,0,0,0,0,0,0,0,0,0,0,0,0,,3,毒,对手,,3成概率使对手中毒。,3割の確率で相手を毒状態にする。(1)
556,,汚濁の牙,12,2,1,80,100,0,20,1,0,0,0,0,0,0,0,0,0,0,0,0,0,0,0,0,0,0,,3,毒,对手,,3成概率使对手中毒。,3割の確率で相手を毒状態にする。(1)
564,,煙幕弾,12,2,1,55,100,0,30,1,0,0,0,0,0,0,0,0,0,0,0,0,0,0,0,0,0,0,,3,毒,对手,,3成概率使对手中毒。,3割の確率で相手を毒状態にする。(1)
106,,ファイアジャベリン,2,1,1,80,100,0,15,2,0,0,0,0,0,0,0,0,0,0,0,0,0,0,0,0,0,0,,1,烧伤,对手,,1成概率使对手烧伤。,1割の確率で相手を火傷状態にする。(2)
123,,ファイアーボール,2,1,1,55,100,0,25,2,0,0,0,0,0,0,0,0,0,0,0,0,0,0,0,0,0,0,,1,烧伤,对手,,1成概率使对手烧伤。,1割の確率で相手を火傷状態にする。(2)
111,,インフェルノ,2,2,2,120,85,0,5,2,0,0,0,0,0,0,0,0,0,0,0,0,0,0,0,0,0,0,,1,烧伤,对手,,1成概率使对手烧伤。,1割の確率で相手を火傷状態にする。(2)
112,,大火槍,2,2,1,100,90,0,10,2,0,0,0,0,0,0,0,0,0,0,0,0,0,0,0,0,0,0,,1,烧伤,对手,,1成概率使对手烧伤。,1割の確率で相手を火傷状態にする。(2)
115,,バックドラフト,2,2,2,95,100,0,15,2,0,0,0,0,0,0,0,0,0,0,0,0,0,0,0,0,0,0,,1,烧伤,对手,,1成概率使对手烧伤。,1割の確率で相手を火傷状態にする。(2)
125,,火遊び,2,2,2,55,100,0,25,2,0,0,0,0,0,0,0,0,0,0,0,0,0,0,0,0,0,0,,1,烧伤,对手,,1成概率使对手烧伤。,1割の確率で相手を火傷状態にする。(2)
126,,フレア,2,2,2,70,90,0,10,2,0,0,0,0,0,0,0,0,0,0,0,0,0,0,0,0,0,0,,1,烧伤,对手,,1成概率使对手烧伤。,1割の確率で相手を火傷状態にする。(2)
124,,火柱,2,1,2,65,100,0,20,2,0,0,0,0,0,0,0,0,0,0,0,0,0,0,0,0,0,0,,2,烧伤,对手,,2成概率使对手烧伤。,2割の確率で相手を火傷状態にする。(2)
105,,爆裂火炎,2,1,2,80,100,0,20,2,0,0,0,0,0,0,0,0,0,0,0,0,0,0,0,0,0,0,,3,烧伤,对手,,3成概率使对手烧伤。,3割の確率で相手を火傷状態にする。(2)
116,,フラッシュオーバー,2,2,2,80,100,0,20,2,0,0,0,0,0,0,0,0,0,0,0,0,0,0,0,0,0,0,,3,烧伤,对手,,3成概率使对手烧伤。,3割の確率で相手を火傷状態にする。(2)
103,,ホーリーフレア,2,1,2,100,95,0,5,2,0,0,0,0,0,0,0,0,0,0,0,0,0,0,0,0,0,0,,5,烧伤,对手,,5成概率使对手烧伤。,5割の確率で相手を火傷状態にする。(2)
113,,天明の大火,2,2,1,100,50,0,5,2,0,0,0,0,0,0,0,0,0,0,0,0,0,0,0,0,0,0,,0,烧伤,对手,,使对手烧伤。,相手を火傷状態にする。(2)
520,,ダークボール,10,1,1,55,100,0,25,3,0,0,0,0,0,0,0,0,0,0,0,0,0,0,0,0,0,0,,1,黑暗,对手,,1成概率使对手黑暗。,1割の確率で相手を暗闇状態にする。(3)
521,,一人ぼっちの影人形,10,1,1,65,100,0,20,3,0,0,0,0,0,0,0,0,0,0,0,0,0,0,0,0,0,0,,1,黑暗,对手,,1成概率使对手黑暗。,1割の確率で相手を暗闇状態にする。(3)
510,,ダークネススイーツ,10,2,2,95,100,0,15,3,0,0,0,0,0,0,0,0,0,0,0,0,0,0,0,0,0,0,,1,黑暗,对手,,1成概率使对手黑暗。,1割の確率で相手を暗闇状態にする。(3)
522,,バッドムーン,10,2,1,55,100,0,25,3,0,0,0,0,0,0,0,0,0,0,0,0,0,0,0,0,0,0,,1,黑暗,对手,,1成概率使对手黑暗。,1割の確率で相手を暗闇状態にする。(3)
503,,ブラックアウト,10,1,1,75,100,0,15,3,0,0,0,0,0,0,0,0,0,0,0,0,0,0,0,0,0,0,,3,黑暗,对手,,3成概率使对手黑暗。,3割の確率で相手を暗闇状態にする。(3)
603,,シャドウジャベリン,11,1,1,80,100,0,15,4,0,0,0,0,0,0,0,0,0,0,0,0,0,0,0,0,0,0,,1,恐怖,对手,,1成概率使对手恐怖。,1割の確率で相手を恐怖状態にする。(4)
625,,死霊の舞,11,1,1,90,100,0,15,4,0,0,0,0,0,0,0,0,0,0,0,0,0,0,0,0,0,0,,1,恐怖,对手,,1成概率使对手恐怖。,1割の確率で相手を恐怖状態にする。(4)
608,,ポルターガイスト,11,2,1,90,100,0,15,4,0,0,0,0,0,0,0,0,0,0,0,0,0,0,0,0,0,0,,1,恐怖,对手,,1成概率使对手恐怖。,1割の確率で相手を恐怖状態にする。(4)
622,,ホラースポット,11,2,1,65,100,0,20,4,0,0,0,0,0,0,0,0,0,0,0,0,0,0,0,0,0,0,,1,恐怖,对手,,1成概率使对手恐怖。,1割の確率で相手を恐怖状態にする。(4)
610,,ゴーストウェーブ,11,2,2,80,100,0,20,4,0,0,0,0,0,0,0,0,0,0,0,0,0,0,0,0,0,0,,3,恐怖,对手,,3成概率使对手恐怖。,3割の確率で相手を恐怖状態にする。(4)
621,,人魂ウォーキング,11,2,1,55,100,0,30,4,0,0,0,0,0,0,0,0,0,0,0,0,0,0,0,0,0,0,,3,恐怖,对手,,3成概率使对手恐怖。,3割の確率で相手を恐怖状態にする。(4)
403,,スパークジャベリン,8,1,1,80,100,0,15,5,0,0,0,0,0,0,0,0,0,0,0,0,0,0,0,0,0,0,,1,麻痹,对手,,1成概率使对手麻痹。,1割の確率で相手を麻痺状態にする。(5)
417,,スパークショット,8,1,2,55,100,0,25,5,0,0,0,0,0,0,0,0,0,0,0,0,0,0,0,0,0,0,,1,麻痹,对手,,1成概率使对手麻痹。,1割の確率で相手を麻痺状態にする。(5)
405,,雷帝インディグネイト,8,2,2,120,85,0,5,5,0,0,0,0,0,0,0,0,0,0,0,0,0,0,0,0,0,0,,1,麻痹,对手,,1成概率使对手麻痹。,1割の確率で相手を麻痺状態にする。(5)
407,,サンダーフォース,8,2,2,95,100,0,15,5,0,0,0,0,0,0,0,0,0,0,0,0,0,0,0,0,0,0,,1,麻痹,对手,,1成概率使对手麻痹。,1割の確率で相手を麻痺状態にする。(5)
419,,雷撃,8,2,2,55,100,0,25,5,0,0,0,0,0,0,0,0,0,0,0,0,0,0,0,0,0,0,,1,麻痹,对手,,1成概率使对手麻痹。,1割の確率で相手を麻痺状態にする。(5)
418,,ボルトグレイズ,8,1,2,65,100,0,20,5,0,0,0,0,0,0,0,0,0,0,0,0,0,0,0,0,0,0,,2,麻痹,对手,,2成概率使对手麻痹。,2割の確率で相手を麻痺状態にする。(5)
33,,ボルトアタック,1,2,2,85,100,0,20,5,0,0,0,0,0,0,0,0,0,0,0,0,0,0,0,0,0,0,,3,麻痹,对手,,3成概率使对手麻痹。,3割の確率で相手を麻痺状態にする。(5)
408,,雷雲の瞳,8,2,2,80,100,0,20,5,0,0,0,0,0,0,0,0,0,0,0,0,0,0,0,0,0,0,,3,麻痹,对手,,3成概率使对手麻痹。,3割の確率で相手を麻痺状態にする。(5)
404,,プラズマボール,8,1,1,20,100,0,20,5,0,0,0,0,0,0,0,0,0,0,0,0,0,0,0,0,0,0,,0,麻痹,对手,,使对手麻痹。,相手を麻痺状態にする。(5)
406,,神鳴,8,2,2,120,50,0,5,5,0,0,0,0,0,0,0,0,0,0,0,0,0,0,0,0,0,0,,0,麻痹,对手,,使对手麻痹。,相手を麻痺状態にする。(5)
176,,フロストエッジ,3,1,1,65,100,0,20,6,0,0,0,0,0,0,0,0,0,0,0,0,0,0,0,0,0,0,,1,停止,对手,,1成概率使对手停止。,1割の確率で相手を停止状態にする。(6)
162,,コールドレイン,3,2,2,120,80,0,5,6,0,0,0,0,0,0,0,0,0,0,0,0,0,0,0,0,0,0,,1,停止,对手,,1成概率使对手停止。,1割の確率で相手を停止状態にする。(6)
420,,エナジーボルト,8,2,2,65,100,0,20,6,0,0,0,0,0,0,0,0,0,0,0,0,0,0,0,0,0,0,,1,停止,对手,,1成概率使对手停止。,1割の確率で相手を停止状態にする。(6)
328,,一意専心,6,0,0,-,‐,0,20,7,1,0,0,0,0,0,0,0,0,0,0,0,0,0,0,0,0,0,,0,,,,自身集弹变化+1。,自分の集弾が1段階上がる。(7)
475,,集いし星,9,0,0,-,‐,0,20,7,1,0,0,0,0,0,0,0,0,0,0,0,0,0,0,0,0,0,,0,,,,自身集弹变化+1。,自分の集弾が1段階上がる。(7)
61,,防壁強化,1,0,0,-,‐,0,35,8,0,1,0,0,0,0,0,0,0,0,0,0,0,0,0,0,0,0,,0,,,,自身集防变化+1。,自分の集防が1段階上がる。(8)
681,,受け身,13,0,0,-,‐,0,10,8,0,1,0,0,0,0,0,0,0,0,0,0,0,0,0,0,0,0,,0,,,,自身集防变化+1。,自分の集防が1段階上がる。(8)
783,,チューニング,1,0,0,-,‐,0,30,9,0,0,1,0,0,0,0,0,0,0,0,0,0,0,0,0,0,0,,0,,,,自身散弹变化+1。,自分の散弾が1段階上がる。(9)
62,,障壁強化,1,0,0,-,‐,0,35,10,0,0,0,1,0,0,0,0,0,0,0,0,0,0,0,0,0,0,,0,,,,自身散防变化+1。,自分の散防が1段階上がる。(10)
624,,積み岩,11,0,0,-,‐,0,20,10,0,0,0,1,0,0,0,0,0,0,0,0,0,0,0,0,0,0,,0,,,,自身散防变化+1。,自分の散防が1段階上がる。(10)
742,,陽炎,14,0,0,-,‐,0,10,12,0,0,0,0,0,0,0,-1,0,0,0,0,0,0,0,0,0,0,,0,,,,对手集弹变化-1。,相手の集弾を1段階下げる。(12)
180,,泥濘,3,0,0,-,100,0,10,16,0,0,0,0,0,0,0,0,0,0,0,-1,0,0,0,0,0,0,,0,,,,对手敏捷变化-1。,相手の俊敏を1段階下げる。(16)
454,,ライトジャベリン,9,1,1,80,100,0,15,17,0,0,0,0,0,0,0,0,0,0,0,0,0,0,0,0,0,0,,1,混乱,对手,,1成概率使对手混乱。,1割の確率で相手を混乱させる。(17)
359,,マクロバースト,7,2,2,120,80,0,5,17,0,0,0,0,0,0,0,0,0,0,0,0,0,0,0,0,0,0,,3,混乱,对手,,3成概率使对手混乱。,3割の確率で相手を混乱させる。(17)
716,,アンノウンフレア,14,2,2,80,100,0,20,17,0,0,0,0,0,0,0,0,0,0,0,0,0,0,0,0,0,0,,3,混乱,对手,,3成概率使对手混乱。,3割の確率で相手を混乱させる。(17)
658,,ばくれつゲンコツ,13,1,1,100,50,0,5,17,0,0,0,0,0,0,0,0,0,0,0,0,0,0,0,0,0,0,,0,混乱,对手,,使对手混乱。,相手を混乱させる。(17)
715,,幻惑パンデミック,14,2,2,100,50,0,5,17,0,0,0,0,0,0,0,0,0,0,0,0,0,0,0,0,0,0,,0,混乱,对手,,使对手混乱。,相手を混乱させる。(17)
57,,誘導弾,1,1,2,80,85,0,15,18,0,0,0,0,0,0,0,0,0,0,0,0,0,0,0,0,0,0,,1,害怕,对手,,1成概率使对手害怕。,1割の確率で相手をひるませる。(18)
307,,鎧通し,6,1,1,90,100,0,15,18,0,0,0,0,0,0,0,0,0,0,0,0,0,0,0,0,0,0,,1,害怕,对手,,1成概率使对手害怕。,1割の確率で相手をひるませる。(18)
353,,ウィンドジャベリン,7,1,1,80,100,0,15,18,0,0,0,0,0,0,0,0,0,0,0,0,0,0,0,0,0,0,,1,害怕,对手,,1成概率使对手害怕。,1割の確率で相手をひるませる。(18)
377,,飛翔乱舞,7,1,1,95,100,0,10,18,0,0,0,0,0,0,0,0,0,0,0,0,0,0,0,0,0,0,,1,害怕,对手,,1成概率使对手害怕。,1割の確率で相手をひるませる。(18)
378,,スピニングエア,7,2,2,95,100,0,10,18,0,0,0,0,0,0,0,0,0,0,0,0,0,0,0,0,0,0,,1,害怕,对手,,1成概率使对手害怕。,1割の確率で相手をひるませる。(18)
452,,破邪の弓撃,9,1,1,95,100,0,15,18,0,0,0,0,0,0,0,0,0,0,0,0,0,0,0,0,0,0,,1,害怕,对手,,1成概率使对手害怕。,1割の確率で相手をひるませる。(18)
523,,ブラッディストーム,10,2,2,70,100,0,20,18,0,0,0,0,0,0,0,0,0,0,0,0,0,0,0,0,0,0,,1,害怕,对手,,1成概率使对手害怕。,1割の確率で相手をひるませる。(18)
154,,アイスコフィン,3,1,2,80,100,0,20,18,0,0,0,0,0,0,0,0,0,0,0,0,0,0,0,0,0,0,,2,害怕,对手,,2成概率使对手害怕。,2割の確率で相手をひるませる。(18)
270,,ストーンレイン,5,1,1,65,100,0,20,18,0,0,0,0,0,0,0,0,0,0,0,0,0,0,0,0,0,0,,2,害怕,对手,,2成概率使对手害怕。,2割の確率で相手をひるませる。(18)
473,,乱反射レーザー,9,2,2,65,100,0,20,18,0,0,0,0,0,0,0,0,0,0,0,0,0,0,0,0,0,0,,2,害怕,对手,,2成概率使对手害怕。,2割の確率で相手をひるませる。(18)
671,,震盪,13,2,2,80,100,0,20,18,0,0,0,0,0,0,0,0,0,0,0,0,0,0,0,0,0,0,,2,害怕,对手,,2成概率使对手害怕。,2割の確率で相手をひるませる。(18)
35,,デストラクション,1,2,2,70,100,0,15,18,0,0,0,0,0,0,0,0,0,0,0,0,0,0,0,0,0,0,,3,害怕,对手,,3成概率使对手害怕。,3割の確率で相手をひるませる。(18)
255,,ロイヤルプリズム,5,1,2,75,95,0,15,18,0,0,0,0,0,0,0,0,0,0,0,0,0,0,0,0,0,0,,3,害怕,对手,,3成概率使对手害怕。,3割の確率で相手をひるませる。(18)
361,,ウィンドウェイブ,7,2,2,75,95,0,15,18,0,0,0,0,0,0,0,0,0,0,0,0,0,0,0,0,0,0,,3,害怕,对手,,3成概率使对手害怕。,3割の確率で相手をひるませる。(18)
738,,鏡面世界,14,1,2,60,100,0,20,18,0,0,0,0,0,0,0,0,0,0,0,0,0,0,0,0,0,0,,3,害怕,对手,,3成概率使对手害怕。,3割の確率で相手をひるませる。(18)
166,,間欠泉,3,2,1,60,100,0,10,19,0,0,0,0,0,0,0,0,0,0,0,0,0,0,0,3,0,0,,0,,,,必定痛烈一击。,必ず痛烈な一撃になる。(19)
256,,スクリューロック,5,1,1,70,90,0,10,19,0,0,0,0,0,0,0,0,0,0,0,0,0,0,0,3,0,0,,0,,,,必定痛烈一击。,必ず痛烈な一撃になる。(19)
308,,キリングバイト,6,1,1,70,90,0,10,19,0,0,0,0,0,0,0,0,0,0,0,0,0,0,0,3,0,0,,0,,,,必定痛烈一击。,必ず痛烈な一撃になる。(19)
423,,閃雷ドリル,8,1,1,70,90,0,10,19,0,0,0,0,0,0,0,0,0,0,0,0,0,0,0,3,0,0,,0,,,,必定痛烈一击。,必ず痛烈な一撃になる。(19)
59,,扩散ビーム,1,2,2,65,100,0,20,19,0,0,0,0,0,0,0,0,0,0,0,0,0,0,0,1,0,0,,0,,,,容易痛烈一击。,痛烈な一撃になりやすい。(19)
153,,サドンフラッド,3,1,1,80,100,0,20,19,0,0,0,0,0,0,0,0,0,0,0,0,0,0,0,1,0,0,,0,,,,容易痛烈一击。,痛烈な一撃になりやすい。(19)
230,,リンゴ爆弾,4,1,1,60,95,0,20,19,0,0,0,0,0,0,0,0,0,0,0,0,0,0,0,1,0,0,,0,,,,容易痛烈一击。,痛烈な一撃になりやすい。(19)
254,,グランドリベレイト,5,1,1,80,100,0,20,19,0,0,0,0,0,0,0,0,0,0,0,0,0,0,0,1,0,0,,0,,,,容易痛烈一击。,痛烈な一撃になりやすい。(19)
323,,ザ・リッパー,6,1,1,60,95,0,25,19,0,0,0,0,0,0,0,0,0,0,0,0,0,0,0,1,0,0,,0,,,,容易痛烈一击。,痛烈な一撃になりやすい。(19)
324,,ハンマー投げ,6,1,1,70,100,0,20,19,0,0,0,0,0,0,0,0,0,0,0,0,0,0,0,1,0,0,,0,,,,容易痛烈一击。,痛烈な一撃になりやすい。(19)
372,,木枯らし,7,1,2,55,95,0,20,19,0,0,0,0,0,0,0,0,0,0,0,0,0,0,0,1,0,0,,0,,,,容易痛烈一击。,痛烈な一撃になりやすい。(19)
470,,ライトアップ,9,1,2,55,100,0,20,19,0,0,0,0,0,0,0,0,0,0,0,0,0,0,0,1,0,0,,0,,,,容易痛烈一击。,痛烈な一撃になりやすい。(19)
511,,ラプラスの目,10,2,1,80,100,0,20,19,0,0,0,0,0,0,0,0,0,0,0,0,0,0,0,1,0,0,,0,,,,容易痛烈一击。,痛烈な一撃になりやすい。(19)
661,,ダンシングソード,13,1,1,80,100,0,20,19,0,0,0,0,0,0,0,0,0,0,0,0,0,0,0,1,0,0,,0,,,,容易痛烈一击。,痛烈な一撃になりやすい。(19)
676,,正拳突き,13,1,1,55,100,0,25,19,0,0,0,0,0,0,0,0,0,0,0,0,0,0,0,1,0,0,,0,,,,容易痛烈一击。,痛烈な一撃になりやすい。(19)
705,,ミラージュエッジ,14,1,1,80,100,0,20,19,0,0,0,0,0,0,0,0,0,0,0,0,0,0,0,1,0,0,,0,,,,容易痛烈一击。,痛烈な一撃になりやすい。(19)
234,,根流し,4,0,0,-,100,0,30,20,0,0,0,0,0,0,0,0,0,0,0,0,0,0,0,0,0,0,,0,毒,对手,,使对手中毒。,相手を毒状態にする。(20)
567,,感染,12,0,0,-,100,0,30,20,0,0,0,0,0,0,0,0,0,0,0,0,0,0,0,0,0,0,,0,毒,对手,,使对手中毒。,相手を毒状態にする。(20)
128,,摩擦熱,2,0,0,-,100,0,30,21,0,0,0,0,0,0,0,0,0,0,0,0,0,0,0,0,0,0,,0,烧伤,对手,,使对手烧伤。,相手を火傷状態にする。(21)
518,,甘い悪夢,10,0,0,-,90,0,15,22,0,0,0,0,0,0,0,0,0,0,0,0,0,0,0,0,0,0,,0,黑暗,对手,,使对手黑暗。,相手を暗闇状態にする。(22)
618,,後ろの正面,11,0,0,-,90,0,15,23,0,0,0,0,0,0,0,0,0,0,0,0,0,0,0,0,0,0,,0,恐怖,对手,,使对手恐怖。,相手を恐怖状態にする。(23)
54,,足止め,1,0,0,-,100,0,30,24,0,0,0,0,0,0,0,0,0,0,0,0,0,0,0,0,0,0,,0,麻痹,对手,,使对手麻痹。,相手を麻痺状態にする。(24)
226,,妖虫の鱗粉,4,0,0,-,75,0,30,24,0,0,0,0,0,0,0,0,0,0,0,0,0,0,0,0,0,0,,0,麻痹,对手,,使对手麻痹。,相手を麻痺状態にする。(24)
416,,サンダーベール,8,0,0,-,100,0,20,24,0,0,0,0,0,0,0,0,0,0,0,0,0,0,0,0,0,0,,0,麻痹,对手,,使对手麻痹。,相手を麻痺状態にする。(24)
735,,ゴルゴンの瞳,14,0,0,-,75,0,10,25,0,0,0,0,0,0,0,0,0,0,0,0,0,0,0,0,0,0,,0,停止,对手,,使对手停止。,相手を停止状態にする。(25)
736,,酒宴ドランカー,14,0,0,-,100,0,5,25,0,0,0,0,0,0,0,0,0,0,0,0,0,0,0,0,0,0,,0,停止,对手,,使对手停止。,相手を停止状態にする。(25)
777,,子守唄,15,0,0,-,60,0,20,25,0,0,0,0,0,0,0,0,0,0,0,0,0,0,0,0,0,0,,0,停止,对手,,使对手停止。,相手を停止状態にする。(25)
225,,幻惑の花粉,4,0,0,-,70,0,10,25,0,0,0,0,0,0,0,0,0,0,0,0,0,0,0,0,0,0,,0,停止,对手,对自然属性人形无效,使对手停止。自然属性无效。,相手を停止状態にする。自然属性には効果がない。(25)
468,,閃光弾,9,0,0,-,100,0,20,26,0,0,0,0,0,0,0,0,0,0,0,0,0,0,0,0,0,0,,0,混乱,对手,,使对手混乱。,相手を混乱状態にする。(26)
561,,ミアズマ,12,0,0,-,90,0,10,27,0,0,0,0,0,0,0,0,0,0,0,0,0,0,0,0,0,0,,0,猛毒,对手,毒属性人形使用必中,使对手剧毒。毒属性人形使用必中。,相手を猛毒状態にする。毒属性の人形が使うと必ず当たる。(27)
121,,テルミット,2,0,0,-,90,0,10,28,0,0,0,0,0,0,0,0,0,0,0,0,0,0,0,0,0,0,,0,大烧伤,对手,,使对手大烧伤。,相手を大火傷状態にする。(28)
305,,菊水,6,1,1,120,85,0,5,29,1,0,0,0,0,0,0,0,0,0,0,0,0,0,0,0,0,0,,1,,,,1成概率自身集弹变化+1。,1割の確率で自分の集弾が1段階上がる。(29)
667,,コークスクリュー,13,1,1,50,90,0,10,29,1,0,0,0,0,0,0,0,0,0,0,0,0,0,0,0,0,0,,7,,,,7成概率自身集弹变化+1。,7割の確率で自分の集弾が1段階上がる。(29)
312,,銀色の雨,6,2,2,95,100,0,15,31,0,0,1,0,0,0,0,0,0,0,0,0,0,0,0,0,0,0,,1,,,,1成概率自身散弹变化+1。,1割の確率で自分の散弾が1段階上がる。(31)
679,,螺旋,13,2,2,70,100,0,10,31,0,0,1,0,0,0,0,0,0,0,0,0,0,0,0,0,0,0,,1,,,,1成概率自身散弹变化+1。,1割の確率で自分の散弾が1段階上がる。(31)
326,,メタルニードル,6,2,1,65,100,0,15,31,0,0,1,0,0,0,0,0,0,0,0,0,0,0,0,0,0,0,,2,,,,2成概率自身散弹变化+1。,2割の確率で自分の散弾が1段階上がる。(31)
117,,炎の波動,2,2,2,80,100,0,10,31,0,0,1,0,0,0,0,0,0,0,0,0,0,0,0,0,0,0,,5,,,,5成概率自身散弹变化+1。,5割の確率で自分の散弾が1段階上がる。(31)
412,,紫電,8,2,2,50,90,0,10,31,0,0,1,0,0,0,0,0,0,0,0,0,0,0,0,0,0,0,,7,,,,7成概率自身散弹变化+1。,7割の確率で自分の散弾が1段階上がる。(31)
402,,雷切,8,1,1,90,100,0,15,33,0,0,0,0,1,0,0,0,0,0,0,0,0,0,0,0,0,0,,1,,,,1成概率自身敏捷变化+1。,1割の確率で自分の俊敏が1段階上がる。(33)
374,,偏西風,7,2,2,65,100,0,20,33,0,0,0,0,1,0,0,0,0,0,0,0,0,0,0,0,0,0,,2,,,,2成概率自身敏捷变化+1。,2割の確率で自分の俊敏が1段階上がる。(33)
107,,ライジングサン,2,1,1,50,100,0,20,33,0,0,0,0,1,0,0,0,0,0,0,0,0,0,0,0,0,0,,0,,,,自身敏捷变化+1。,自分の俊敏が1段階上がる。(33)
205,,花鳥風月,4,1,1,90,100,0,15,34,0,0,0,0,0,0,0,-1,0,0,0,0,0,0,0,0,0,0,,2,,,,2成概率对手集弹变化-1。,2割の確率で相手の集弾を1段階下げる。(34)
754,,幽霊アンサンブル,15,1,2,55,95,0,15,34,0,0,0,0,0,0,0,-1,0,0,0,0,0,0,0,0,0,0,,0,,,,对手集弹变化-1。,相手の集弾を1段階下げる。(34)
329,,ハンマーバッシュ,6,1,2,95,100,0,15,35,0,0,0,0,0,0,0,0,-1,0,0,0,0,0,0,0,0,0,,1,,,,1成概率对手集防变化-1。,1割の確率で相手の集防を1段階下げる。(35)
703,,夢幻泡影,14,1,2,95,100,0,15,35,0,0,0,0,0,0,0,0,-1,0,0,0,0,0,0,0,0,0,,1,,,,1成概率对手集防变化-1。,1割の確率で相手の集防を1段階下げる。(35)
802,,ディストーションボム,17,1,1,95,100,0,15,35,0,0,0,0,0,0,0,0,-1,0,0,0,0,0,0,0,0,0,,1,,,,1成概率对手集防变化-1。,1割の確率で相手の集防を1段階下げる。(35)
753,,ダンシングライン,15,1,1,75,95,0,10,35,0,0,0,0,0,0,0,0,-1,0,0,0,0,0,0,0,0,0,,5,,,,5成概率对手集防变化-1。,5割の確率で相手の集防を1段階下げる。(35)
213,,ミストフォッグ,4,2,2,95,100,0,15,36,0,0,0,0,0,0,0,0,0,-1,0,0,0,0,0,0,0,0,,1,,,,1成概率对手散弹变化-1。,1割の確率で相手の散弾を1段階下げる。(36)
232,,雪月花,4,2,1,65,100,0,10,36,0,0,0,0,0,0,0,0,0,-1,0,0,0,0,0,0,0,0,,1,,,,1成概率对手散弹变化-1。,1割の確率で相手の散弾を1段階下げる。(36)
759,,悲哀の旋律,15,2,2,55,95,0,15,36,0,0,0,0,0,0,0,0,0,-1,0,0,0,0,0,0,0,0,,0,,,,对手散弹变化-1。,相手の散弾を1段階下げる。(36)
313,,クロームレイ,6,2,2,90,100,0,15,37,0,0,0,0,0,0,0,0,0,0,-1,0,0,0,0,0,0,0,,1,,,,1成概率对手散防变化-1。,1割の確率で相手の散防を1段階下げる。(37)
325,,ナイフ投げ,6,2,1,55,100,0,25,37,0,0,0,0,0,0,0,0,0,0,-1,0,0,0,0,0,0,0,,1,,,,1成概率对手散防变化-1。,1割の確率で相手の散防を1段階下げる。(37)
670,,ギガンティック,13,2,2,120,85,0,5,37,0,0,0,0,0,0,0,0,0,0,-1,0,0,0,0,0,0,0,,1,,,,1成概率对手散防变化-1。,1割の確率で相手の散防を1段階下げる。(37)
714,,カタストロフィ,14,2,2,95,100,0,15,37,0,0,0,0,0,0,0,0,0,0,-1,0,0,0,0,0,0,0,,1,,,,1成概率对手散防变化-1。,1割の確率で相手の散防を1段階下げる。(37)
740,,イマジンフレンド,14,2,2,65,100,0,20,37,0,0,0,0,0,0,0,0,0,0,-1,0,0,0,0,0,0,0,,1,,,,1成概率对手散防变化-1。,1割の確率で相手の散防を1段階下げる。(37)
807,,インスティンクション,17,2,2,95,100,0,15,37,0,0,0,0,0,0,0,0,0,0,-1,0,0,0,0,0,0,0,,1,,,,1成概率对手散防变化-1。,1割の確率で相手の散防を1段階下げる。(37)
757,,ハウンドノイズ,15,2,2,75,95,0,10,37,0,0,0,0,0,0,0,0,0,0,-1,0,0,0,0,0,0,0,,5,,,,5成概率对手散防变化-1。,5割の確率で相手の散防を1段階下げる。(37)
163,,アイスエイジ,3,2,2,95,100,0,15,38,0,0,0,0,0,0,0,0,0,0,0,-1,0,0,0,0,0,0,,1,,,,1成概率对手敏捷变化-1。,1割の確率で相手の俊敏を1段階下げる。(38)
178,,雪合戦,3,2,1,65,100,0,20,38,0,0,0,0,0,0,0,0,0,0,0,-1,0,0,0,0,0,0,,1,,,,1成概率对手敏捷变化-1。,1割の確率で相手の俊敏を1段階下げる。(38)
155,,アクアジャベリン,3,1,1,80,100,0,15,38,0,0,0,0,0,0,0,0,0,0,0,-1,0,0,0,0,0,0,,2,,,,2成概率对手敏捷变化-1。,2割の確率で相手の俊敏を1段階下げる。(38)
167,,スライムショット,3,2,1,55,100,0,15,38,0,0,0,0,0,0,0,0,0,0,0,-1,0,0,0,0,0,0,,0,,,,对手敏捷变化-1。,相手の俊敏を1段階下げる。(38)
257,,ストーンスパイク,5,1,1,60,100,0,20,38,0,0,0,0,0,0,0,0,0,0,0,-1,0,0,0,0,0,0,,0,,,,对手敏捷变化-1。,相手の俊敏を1段階下げる。(38)
411,,スパーククロス,8,2,2,60,100,0,10,38,0,0,0,0,0,0,0,0,0,0,0,-1,0,0,0,0,0,0,,0,,,,对手敏捷变化-1。,相手の俊敏を1段階下げる。(38)
672,,アンダーステップ,13,2,1,60,100,0,20,38,0,0,0,0,0,0,0,0,0,0,0,-1,0,0,0,0,0,0,,0,,,,对手敏捷变化-1。,相手の俊敏を1段階下げる。(38)
317,,奮闘之構,6,0,0,-,‐,0,20,39,2,0,0,0,0,0,0,0,0,0,0,0,0,0,0,0,0,0,,0,,,,自身集弹变化+2。,自分の集弾が2段階上がる。(39)
319,,鉄壁之構,6,0,0,-,‐,0,15,40,0,2,0,0,0,0,0,0,0,0,0,0,0,0,0,0,0,0,,0,,,,自身集防变化+2。,自分の集防が2段階上がる。(40)
769,,鼓舞,15,0,0,-,‐,0,20,40,0,2,0,0,0,0,0,0,0,0,0,0,0,0,0,0,0,0,,0,,,,自身集防变化+2。,自分の集防が2段階上がる。(40)
766,,ブレイブソング,15,0,0,-,‐,0,20,41,0,0,2,0,0,0,0,0,0,0,0,0,0,0,0,0,0,0,,0,,,,自身散弹变化+2。,自分の散弾が2段階上がる。(41)
767,,激励,15,0,0,-,‐,0,20,42,0,0,0,2,0,0,0,0,0,0,0,0,0,0,0,0,0,0,,0,,,,自身散防变化+2。,自分の散防が2段階上がる。(42)
274,,地走り,5,0,0,-,‐,0,20,43,0,0,0,0,2,0,0,0,0,0,0,0,0,0,0,0,0,0,,0,,,,自身敏捷变化+2。,自分の俊敏が2段階上がる。(43)
369,,韋駄天,7,0,0,-,‐,0,30,43,0,0,0,0,2,0,0,0,0,0,0,0,0,0,0,0,0,0,,0,,,,自身敏捷变化+2。,自分の俊敏が2段階上がる。(43)
466,,占星,9,0,0,-,100,0,20,44,0,0,0,0,0,0,0,-2,0,0,0,0,0,0,0,0,0,0,,0,,,,对手集弹变化-2。,相手の集弾を2段階下げる。(44)
771,,叫喚,15,0,0,-,100,0,20,44,0,0,0,0,0,0,0,-2,0,0,0,0,0,0,0,0,0,0,,0,,,,对手集弹变化-2。,相手の集弾を2段階下げる。(44)
775,,咆哮,15,0,0,-,100,0,20,45,0,0,0,0,0,0,0,0,-2,0,0,0,0,0,0,0,0,0,,0,,,,对手集防变化-2。,相手の集防を2段階下げる。(45)
772,,金切り声,15,0,0,-,100,0,20,46,0,0,0,0,0,0,0,0,0,-2,0,0,0,0,0,0,0,0,,0,,,,对手散弹变化-2。,相手の散弾を2段階下げる。(46)
773,,怒号,15,0,0,-,100,0,20,47,0,0,0,0,0,0,0,0,0,0,-2,0,0,0,0,0,0,0,,0,,,,对手散防变化-2。,相手の散防を2段階下げる。(47)
171,,引き潮,3,0,0,-,100,0,10,48,0,0,0,0,0,0,0,0,0,0,0,-2,0,0,0,0,0,0,,0,,,,对手敏捷变化-2。,相手の俊敏を2段階下げる。(48)
659,,天昇,13,1,1,120,100,0,5,49,0,-1,0,-1,0,0,0,0,0,0,0,0,0,0,0,0,0,0,,0,,,,攻击后自身集防与散防变化-1。,攻撃後自分の集防と散防が1段階下がる。(49)
109,,エクスプロージョン,2,2,2,150,100,0,5,50,0,0,0,0,0,0,0,0,0,0,0,0,0,0,0,0,0,0,,0,硬直,自身,,下回合自身陷入硬直。,次ターン自分は動けなくなる。(50)
161,,アクアブレス,3,2,2,150,100,0,5,50,0,0,0,0,0,0,0,0,0,0,0,0,0,0,0,0,0,0,,0,硬直,自身,,下回合自身陷入硬直。,次ターン自分は動けなくなる。(50)
252,,天変地異,5,1,1,150,100,0,5,50,0,0,0,0,0,0,0,0,0,0,0,0,0,0,0,0,0,0,,0,硬直,自身,,下回合自身陷入硬直。,次ターン自分は動けなくなる。(50)
457,,パルスレーザー,9,2,2,150,100,0,5,50,0,0,0,0,0,0,0,0,0,0,0,0,0,0,0,0,0,0,,0,硬直,自身,,下回合自身陷入硬直。,次ターン自分は動けなくなる。(50)
655,,真空破断拳,13,1,1,150,100,0,5,50,0,0,0,0,0,0,0,0,0,0,0,0,0,0,0,0,0,0,,0,硬直,自身,,下回合自身陷入硬直。,次ターン自分は動けなくなる。(50)
20,,オーバースキル,1,1,2,120,100,0,15,51,0,0,0,0,0,0,0,0,0,0,0,0,0,0,0,0,1/3,0,,0,,,,自身受到造成伤害的1/3损伤。,自分は与えたダメージの3分の1のダメージを受ける。(51)
203,,桃弧棘矢,4,1,1,120,100,0,15,51,0,0,0,0,0,0,0,0,0,0,0,0,0,0,0,0,1/3,0,,0,,,,自身受到造成伤害的1/3损伤。,自分は与えたダメージの3分の1のダメージを受ける。(51)
306,,一閃,6,1,1,120,100,0,15,51,0,0,0,0,0,0,0,0,0,0,0,0,0,0,0,0,1/3,0,,0,,,,自身受到造成伤害的1/3损伤。,自分は与えたダメージの3分の1のダメージを受ける。(51)
352,,風炎フェーン,7,1,1,120,100,0,15,51,0,0,0,0,0,0,0,0,0,0,0,0,0,0,0,0,1/3,0,,0,,,,自身受到造成伤害的1/3损伤。,自分は与えたダメージの3分の1のダメージを受ける。(51)
451,,ルミナスフラックス,9,1,2,120,100,0,15,51,0,0,0,0,0,0,0,0,0,0,0,0,0,0,0,0,1/3,0,,0,,,,自身受到造成伤害的1/3损伤。,自分は与えたダメージの3分の1のダメージを受ける。(51)
304,,鉄塊フルクラッシュ,6,1,1,150,80,0,5,52,0,0,0,0,0,0,0,0,0,0,0,0,0,0,0,0,1/2,0,,0,,,,自身受到造成伤害的1/2损伤。,与えたダメージの半分のダメージを受ける。(52)
39,,乱射,1,2,2,25,100,0,10,53,0,0,0,0,0,0,0,0,0,0,0,0,0,0,0,0,0,0,,0,2～5回连续攻击,自身,2～5回,2～5回合连续攻击。,2～5回連続で攻撃する。(53)
159,,アイスマシンガン,3,1,1,15,100,1,5,53,0,0,0,0,0,0,0,0,0,0,0,0,0,0,0,0,0,0,,0,2～5回连续攻击,自身,2～5回,2～5回合连续攻击。,2～5回連続で攻撃する。(53)
208,,雀蜂の舞,4,1,1,25,100,0,10,53,0,0,0,0,0,0,0,0,0,0,0,0,0,0,0,0,0,0,,0,2～5回连续攻击,自身,2～5回,2～5回合连续攻击。,2～5回連続で攻撃する。(53)
261,,霊石乱舞,5,1,1,25,100,0,10,53,0,0,0,0,0,0,0,0,0,0,0,0,0,0,0,0,0,0,,0,2～5回连续攻击,自身,2～5回,2～5回合连续攻击。,2～5回連続で攻撃する。(53)
315,,クイックスロー,6,2,1,25,100,0,10,53,0,0,0,0,0,0,0,0,0,0,0,0,0,0,0,0,0,0,,0,2～5回连续攻击,自身,2～5回,2～5回合连续攻击。,2～5回連続で攻撃する。(53)
357,,ツイスター,7,1,1,25,100,0,10,53,0,0,0,0,0,0,0,0,0,0,0,0,0,0,0,0,0,0,,0,2～5回连续攻击,自身,2～5回,2～5回合连续攻击。,2～5回連続で攻撃する。(53)
508,,無知の闇,10,1,2,25,100,0,10,53,0,0,0,0,0,0,0,0,0,0,0,0,0,0,0,0,0,0,,0,2～5回连续攻击,自身,2～5回,2～5回合连续攻击。,2～5回連続で攻撃する。(53)
683,,シューティングアーツ,13,1,1,25,100,0,10,53,0,0,0,0,0,0,0,0,0,0,0,0,0,0,0,0,0,0,,0,2～5回连续攻击,自身,2～5回,2～5回合连续攻击。,2～5回連続で攻撃する。(53)
674,,ラッシュアタック,13,2,1,25,100,0,10,53,0,0,0,0,0,0,0,0,0,0,0,0,0,0,0,0,0,0,,0,2～5回连续攻击,自身,2～5回,2～5回合连续攻击。,2～5回連続で攻撃する。(53)
44,,応急手当,1,0,0,-,‐,0,15,54,0,0,0,0,0,0,0,0,0,0,0,0,0,0,0,0,0,-1/2,,0,,,,回复1/2HP。,最大ＨＰの半分回復する。(54)
220,,マナの恵み,4,0,0,-,‐,0,10,54,0,0,0,0,0,0,0,0,0,0,0,0,0,0,0,0,0,-1/2,,0,,,,回复1/2HP。,最大ＨＰの半分回復する。(54)
351,,幻想郷直撃タイフーン,7,1,2,140,100,0,5,55,0,0,0,0,0,0,0,0,0,0,0,0,0,0,0,1,0,0,,3,蓄力&害怕,自身&对手,,第一回合蓄力，第二回合攻击。3成概率使对手害怕。容易痛烈一击。,1ターン目で力を溜め2ターン目に攻撃する。痛烈な一撃になりやすく3の確率で相手をひるませる。(55)
110,,ヴォルケイノ,2,2,2,130,90,0,5,56,0,0,-2,0,0,0,0,0,0,0,0,0,0,0,0,0,0,0,,0,,,,攻击后自身散弹变化-2。,攻撃後自分の散弾が2段階下がる。(56)
210,,狂い咲き,4,2,2,130,90,0,5,56,0,0,-2,0,0,0,0,0,0,0,0,0,0,0,0,0,0,0,,0,,,,攻击后自身散弹变化-2。,攻撃後自分の散弾が2段階下がる。(56)
458,,アークライト,9,2,2,130,90,0,5,56,0,0,-2,0,0,0,0,0,0,0,0,0,0,0,0,0,0,0,,0,,,,攻击后自身散弹变化-2。,攻撃後自分の散弾が2段階下がる。(56)
570,,スイートデスペラード,12,2,2,130,90,0,5,56,0,0,-2,0,0,0,0,0,0,0,0,0,0,0,0,0,0,0,,0,,,,攻击后自身散弹变化-2。,攻撃後自分の散弾が2段階下がる。(56)
366,,突風,7,0,0,-,‐,-6,20,57,0,0,0,0,0,0,0,0,0,0,0,0,0,0,0,0,0,0,,0,替换人形,对手,,使对方替换人形。,控えの人形をひきずり出す。(57)
764,,ブーイング,15,0,0,-,‐,-6,20,57,0,0,0,0,0,0,0,0,0,0,0,0,0,0,0,0,0,0,,0,替换人形,对手,,使对方替换人形。,控えの人形をひきずり出す。(57)
354,,ショックスタンプ,7,1,1,55,95,-6,10,58,0,0,0,0,0,0,0,0,0,0,0,0,0,0,0,0,0,0,,0,替换人形,对手,,攻击后使对方替换人形。,攻撃後控えの人形をひきずり出す。(58)
666,,チャージングスタン,13,1,1,55,95,-6,10,58,0,0,0,0,0,0,0,0,0,0,0,0,0,0,0,0,0,0,,0,替换人形,对手,,攻击后使对方替换人形。,攻撃後控えの人形をひきずり出す。(58)
42,,バリアオプション,1,0,0,-,‐,0,10,59,0,0,0,0,0,0,0,0,0,0,0,0,0,0,0,0,0,1/4,,0,子机屏障,自身,,消耗1/4HP，使用子机屏障。,ＨＰの4分の1を使ってバリアを出す。(59)
410,,疾風迅雷,8,2,1,70,100,0,15,60,0,0,0,0,0,0,0,0,0,0,0,0,0,0,0,0,0,0,,0,替换人形,自身,,攻击后己方换人。没有造成伤害则不交换。野生人形退出战斗。,攻撃後控えの人形と入れ替わる。野良人形との戦闘は終わる。(60)
504,,チェンジリング,10,1,1,70,100,0,15,60,0,0,0,0,0,0,0,0,0,0,0,0,0,0,0,0,0,0,,0,替换人形,自身,,攻击后己方换人。没有造成伤害则不交换。野生人形退出战斗。,攻撃後控えの人形と入れ替わる。野良人形との戦闘は終わる。(60)
55,,二段構え,1,0,0,-,‐,0,40,61,0,0,0,0,0,0,0,0,0,0,0,0,0,0,0,0,0,0,,0,替换人形（保留能力变化）,自身,,交换人形，能力等级变化保留。,控えの人形と交代する能力变化は交代した人形がそのまま受け継ぐ。(61)
751,,爆音フルバースト,15,1,2,120,100,0,5,62,0,0,0,0,0,0,0,0,0,0,0,0,0,0,0,0,0,0,,0,,,,攻击后自身集弹、集防变化-1。,攻撃後自分の集弾と集防が1段階下がる。(62)
266,,ストーンサークル,5,2,1,60,100,0,10,63,1,1,1,1,1,1,1,0,0,0,0,0,0,0,0,0,0,0,,1,,,,1成概率自身全部能力变化+1。,1割の確率で自分のすべての能力が上がる。(63)
362,,舞風,7,2,2,60,100,0,10,63,1,1,1,1,1,1,1,0,0,0,0,0,0,0,0,0,0,0,,1,,,,1成概率自身全部能力变化+1。,1割の確率で自分のすべての能力が上がる。(63)
612,,ソウルイート,11,2,1,60,100,0,10,63,1,1,1,1,1,1,1,0,0,0,0,0,0,0,0,0,0,0,,1,,,,1成概率自身全部能力变化+1。,1割の確率で自分のすべての能力が上がる。(63)
752,,ハイトーンクラッシュ,15,1,1,95,100,0,15,64,0,0,0,0,0,0,0,0,0,0,0,0,0,0,0,0,0,0,,1,随机1能力-1,对手,,1成概率对手随机1个能力变化-1。,1割の確率で相手の能力をランダムに1つ1段階下げる。(64)
779,,アンビエント,15,1,2,65,100,0,20,64,0,0,0,0,0,0,0,0,0,0,0,0,0,0,0,0,0,0,,1,随机1能力-1,对手,,1成概率对手随机1个能力变化-1。,1割の確率で相手の能力をランダムに1つ1段階下げる。(64)
756,,ウルトラハイトーン,15,2,1,95,100,0,15,65,0,0,0,0,0,0,0,0,0,0,0,0,0,0,0,0,0,0,,1,随机1能力+1,自身,,1成概率自身随机1个能力变化+1。,1割の確率で自分の能力がランダムに1つ1段階上がる。(65)
781,,円舞曲,15,2,2,65,100,0,20,65,0,0,0,0,0,0,0,0,0,0,0,0,0,0,0,0,0,0,,1,随机1能力+1,自身,,1成概率自身随机1个能力变化+1。,1割の確率で自分の能力がランダムに1つ1段階上がる。(65)
222,,フェアリーダンス,4,0,0,-,‐,0,20,66,0,0,1,1,1,0,0,0,0,0,0,0,0,0,0,0,0,0,,0,,,,自身散弹、散防、敏捷变化+1。,自分の散弾と散防と俊敏が1段階上がる。(66)
465,,月の加護,9,0,0,-,‐,0,20,67,0,0,1,1,0,0,0,0,0,0,0,0,0,0,0,0,0,0,,0,,,,自身散弹、散防变化+1。,自分の散弾と散防が1段階上がる。(67)
376,,太刀風,7,0,0,-,‐,0,10,68,0,0,1,0,1,0,0,0,0,0,0,0,0,0,0,0,0,0,,0,,,,自身散弹、敏捷变化+1。,自分の散弾と俊敏が1段階上がる。(68)
223,,ホワイトミスト,4,0,0,-,‐,0,20,69,0,0,3,0,0,0,0,0,0,0,0,0,0,0,0,0,0,0,,0,,,,自身散弹变化+3。,自分の散弾が3段階上がる。(69)
51,,オフェンサートランス,1,0,0,-,‐,0,15,70,2,-1,2,-1,2,0,0,0,0,0,0,0,0,0,0,0,0,0,,0,,,,自身集弹、散弹、敏捷变化+2，集防、散防变化-1。,自分の集弾と散弾と俊敏を2段階上げて集防と散防を1段階下げる。(70)
66,,低速移動,1,0,0,-,‐,0,10,71,1,1,0,0,-1,0,0,0,0,0,0,0,0,0,0,0,0,0,,0,,,,自身集弹、集防变化+1，敏捷变化-1。,自分の集弾と集防を1段階上げて俊敏を1段階下げる。(71)
170,,土砂降り,3,0,0,-,‐,0,10,71,1,1,0,0,-1,0,0,0,0,0,0,0,0,0,0,0,0,0,,0,,,,自身集弹、集防变化+1，敏捷变化-1。,自分の集弾と集防を1段階上げて俊敏を1段階下げる。(71)
516,,シャドウパワー,10,0,0,-,‐,0,20,72,1,1,0,0,0,0,0,0,0,0,0,0,0,0,0,0,0,0,,0,,,,自身集弹、集防变化+1。,自分の集弾と集防が1段階上がる。(72)
50,,威風堂々,1,0,0,-,‐,0,20,73,1,0,0,0,1,0,0,0,0,0,0,0,0,0,0,0,0,0,,0,,,,自身集弹、敏捷变化+1。,自分の集弾と俊敏が1段階上がる。(73)
768,,ハピネスダンス,15,0,0,-,‐,0,20,74,0,1,0,1,0,0,0,0,0,0,0,0,0,0,0,0,0,0,,0,,,,自身集防、散防变化+1。,自分の集防と散防が1段階上がる。(74)
224,,神秘の風,4,0,0,-,‐,0,10,75,0,3,0,0,0,0,0,0,0,0,0,0,0,0,0,0,0,0,,0,,,,自身集防变化+3。,自分の集防が3段階上がる。(75)
318,,猛進之構,6,0,0,-,‐,0,10,76,1,0,0,0,2,0,0,0,0,0,0,0,0,0,0,0,0,0,,0,,,,自身集弹变化+1，敏捷变化+2。,自分の集弾が1段階上がり俊敏が2段階上がる。(76)
559,,毒々スパイラル,12,2,2,40,100,0,20,77,0,0,0,0,0,0,0,0,0,0,-2,0,0,0,0,0,0,0,,0,,,,对手散防变化-2。,相手の散防を2段階下げる。(77)
262,,土石の荒波,5,2,2,95,100,0,15,78,0,0,0,0,0,0,0,0,0,0,0,0,-1,0,0,0,0,0,,1,,,,1成概率对手命中变化-1。,1割の確率で相手の命中を1段階下げる。(78)
272,,崖崩れ,5,2,1,75,80,0,25,78,0,0,0,0,0,0,0,0,0,0,0,0,-1,0,0,0,0,0,,1,,,,1成概率对手命中变化-1。,1割の確率で相手の命中を1段階下げる。(78)
276,,大地の宴,5,2,1,120,85,0,5,78,0,0,0,0,0,0,0,0,0,0,0,0,-1,0,0,0,0,0,,1,,,,1成概率对手命中变化-1。,1割の確率で相手の命中を1段階下げる。(78)
471,,エンジェルラダー,9,1,2,70,90,0,20,78,0,0,0,0,0,0,0,0,0,0,0,0,-1,0,0,0,0,0,,2,,,,2成概率对手命中变化-1。,2割の確率で相手の命中を1段階下げる。(78)
460,,スターフレア,9,2,1,80,100,0,20,78,0,0,0,0,0,0,0,0,0,0,0,0,-1,0,0,0,0,0,,2,,,,2成概率对手命中变化-1。,2割の確率で相手の命中を1段階下げる。(78)
258,,砂塵,5,1,1,60,100,0,10,78,0,0,0,0,0,0,0,0,0,0,0,0,-1,0,0,0,0,0,,3,,,,3成概率对手命中变化-1。,3割の確率で相手の命中を1段階下げる。(78)
263,,不安定な地平線,5,2,2,80,100,0,20,78,0,0,0,0,0,0,0,0,0,0,0,0,-1,0,0,0,0,0,,3,,,,3成概率对手命中变化-1。,3割の確率で相手の命中を1段階下げる。(78)
271,,石礫,5,2,1,55,100,0,10,78,0,0,0,0,0,0,0,0,0,0,0,0,-1,0,0,0,0,0,,0,,,,对手命中变化-1。,相手の命中を1段階下げる。(78)
368,,順風,7,0,0,-,‐,0,15,79,0,0,0,0,0,0,1,0,0,0,0,0,0,0,0,0,0,0,,0,,,,自身回避变化+1。,自分の回避が1段階上がる。(79)
525,,夜陰,10,0,0,-,‐,0,20,79,0,0,0,0,0,0,1,0,0,0,0,0,0,0,0,0,0,0,,0,,,,自身回避变化+1。,自分の回避が1段階上がる。(79)
49,,カモフラージュ,1,0,0,-,‐,0,20,80,0,0,0,0,0,0,0,0,0,0,0,0,0,0,0,0,0,0,,0,光学迷彩,自身,,释放光学迷彩，光学迷彩期间自身回避率变化+2。,カモフラージュで自分の回避率が2段階上がる。(80)
675,,八幡神の加護,13,0,0,-,‐,0,30,81,0,0,0,0,0,0,0,0,0,0,0,0,0,0,2,0,0,0,,0,,,,自身痛烈率变化+2。,自分の痛烈率が2段階上がる。(81)
52,,臨戦,1,0,0,-,‐,0,20,82,1,1,0,0,0,1,0,0,0,0,0,0,0,0,0,0,0,0,,0,,,,自身集弹、集防、命中变化+1。,自分の集弾と集防と命中が1段階上がる。(82)
316,,集中之構,6,0,0,-,‐,0,15,83,1,0,0,0,0,1,0,0,0,0,0,0,0,0,0,0,0,0,,0,,,,自身集弹、命中变化+1。,自分の集弾と命中が1段階上がる。(83)
43,,神降ろし,1,0,0,-,‐,0,30,84,2,2,2,2,2,0,0,0,0,0,0,0,0,0,0,0,0,0,,0,,,,自身所有能力变化+2。,自分の全ての能力のどれか1つが2段階上がる。(84)
60,,運否天賦,1,0,0,-,‐,0,10,85,1,1,1,1,1,0,0,0,0,0,0,0,0,0,0,0,0,0,,0,,,,自身所有能力变化+1。,自分の全ての能力のどれか1つが1段階上がる。(85)
770,,デクレッシェンド,15,0,0,-,100,0,20,86,0,0,0,0,0,0,0,-1,0,-1,0,0,0,0,0,0,0,0,,0,替换人形,自身,,使对手集弹、散弹变化-1。己方换人。野生人形退出战斗。,相手の集弾と散弾を下げて控えの人形と交代する。野良人形との戦闘は終わる。(86)
48,,底力,1,0,0,-,‐,0,10,87,12,0,0,0,0,0,0,0,0,0,0,0,0,0,0,0,0,1/2,,0,,,,自身减少最大HP的一半，使集弹的变化等级升到最大。,自分の最大ＨＰの半分を減らして自分の集弾を最大に上げる。(87)
16,,全身全霊,1,1,1,125,100,0,5,88,0,0,0,0,0,0,0,0,0,0,0,0,0,0,0,0,0,1,,0,,,无视对方一半防御,无视对手防御的一半进行攻击。使自身战斗不能。,相手の防御を半分にして攻撃する。使うと戦闘不能になる。(88)
17,,逆境根性,1,1,1,100,100,0,5,88,0,0,0,0,0,0,0,0,0,0,0,0,0,0,0,0,0,1,,0,,,无视对方一半防御&无属性1.3倍,无视对手防御的一半进行攻击。使自身战斗不能。无属性人形使用，威力变为1.3倍。,相手の防御を半分にして攻撃する。使うと戦闘不能になる。無属性の人形が使うとダメージが1.3倍になる。(88)
515,,人形の怨返し,10,0,0,-,100,0,10,89,0,0,0,0,0,0,0,-2,0,-2,0,0,0,0,0,0,0,1,,0,,,,使自身战斗不能。对手集弹、散弹变化-2。,自分は戦闘不能になるが相手の集弾と散弾を2段階下げる。(89)
462,集弹结界,フィールドプロテクト,9,0,0,-,‐,0,20,90,0,0,0,0,0,0,0,0,0,0,0,0,0,0,0,0,0,0,,0,集弹结界,己方,,释放集弹结界。5回合内对手集弹技能伤害减半。,5ターンのあいだプロテクトで相手から受ける集弾スキルのダメージが半減する。(90)
461,散弹结界,フィールドバリア,9,0,0,-,‐,0,30,91,0,0,0,0,0,0,0,0,0,0,0,0,0,0,0,0,0,0,,0,散弹结界,己方,,释放散弹结界。5回合内对手散弹技能伤害减半。,5ターンのあいだバリアで相手から受ける散弾スキルのダメージが半減する。(91)
216,,森林浴,4,0,0,-,‐,0,5,92,0,0,0,0,0,0,0,0,0,0,0,0,0,0,0,0,0,0,,0,恢复正常,己方,,治愈己方全部人形的状态异常。,自分の全ての人形の状態異常を治す。(92)
553,,毒矢,12,1,1,80,100,0,20,93,0,0,0,0,0,0,0,0,0,0,0,0,0,0,0,1,0,0,,1,毒,对手,,容易痛烈一击。1成概率使对手中毒。,痛烈な一撃になりやすく1割の確率で相手を毒状態にする。(93)
204,,飢餓の声,4,1,2,95,100,0,15,94,0,0,0,0,0,0,0,0,0,0,0,0,0,0,0,0,0,0,,1,衰弱,对手,,1成概率使对手衰弱。,1割の確率で相手を衰弱状態にする。(94)
206,,グラスジャベリン,4,1,1,80,100,0,15,94,0,0,0,0,0,0,0,0,0,0,0,0,0,0,0,0,0,0,,1,衰弱,对手,,1成概率使对手衰弱。,1割の確率で相手を衰弱状態にする。(94)
209,,桜吹雪,4,2,1,120,85,0,5,94,0,0,0,0,0,0,0,0,0,0,0,0,0,0,0,0,0,0,,1,衰弱,对手,,1成概率使对手衰弱。,1割の確率で相手を衰弱状態にする。(94)
619,,ゴーストトリック,11,1,1,55,100,0,25,94,0,0,0,0,0,0,0,0,0,0,0,0,0,0,0,0,0,0,,1,衰弱,对手,,1成概率使对手衰弱。,1割の確率で相手を衰弱状態にする。(94)
620,,怨霊注意,11,1,1,65,100,0,10,94,0,0,0,0,0,0,0,0,0,0,0,0,0,0,0,0,0,0,,1,衰弱,对手,,1成概率使对手衰弱。,1割の確率で相手を衰弱状態にする。(94)
165,,レイジィミスト,3,2,2,80,100,0,20,94,0,0,0,0,0,0,0,0,0,0,0,0,0,0,0,0,0,0,,3,衰弱,对手,,3成概率使对手衰弱。,3割の確率で相手を衰弱状態にする。(94)
563,,ヘドロボール,12,1,1,65,100,0,10,95,0,0,0,0,0,0,0,0,0,0,0,0,0,0,0,0,0,0,,2,猛毒,对手,,2成概率使对手猛毒。,2割の確率で相手を猛毒状態にする。(95)
565,,猛毒ガス,12,2,2,65,100,0,10,95,0,0,0,0,0,0,0,0,0,0,0,0,0,0,0,0,0,0,,2,猛毒,对手,,2成概率使对手猛毒。,2割の確率で相手を猛毒状態にする。(95)
34,,トライエフェクト,1,2,2,80,100,0,20,96,0,0,0,0,0,0,0,0,0,0,0,0,0,0,0,0,0,0,,2,麻痹 | 黑暗 | 恐怖,对手,,2成概率使对手麻痹、黑暗或恐怖。,2割の確率で相手を麻痺か暗闇か恐怖にする。(96)
21,,スピリットラッシュ,1,1,2,120,100,0,10,97,0,0,0,0,0,0,0,0,0,0,0,0,0,0,0,0,1/4,0,,0,,,,自身受到1/4的伤害反伤。,自分は与えたダメージの4分の1のダメージを受ける。(97)
401,,トールハンマー,8,1,1,120,100,0,10,98,0,0,0,0,0,0,0,0,0,0,0,0,0,0,0,0,1/3,0,,1,麻痹,对手,,1成概率使对手麻痹。自身受到1/3伤害反伤。,1割の確率で相手を麻痺状態にする。自分は与えたダメージの3分の1のダメージを受ける。(98)
102,,煉獄炎舞,2,1,1,120,100,0,10,99,0,0,0,0,0,0,0,0,0,0,0,0,0,0,0,0,1/3,0,,1,烧伤,对手,,1成概率使对手烧伤。自身受到1/3伤害反伤。,1割の確率で相手を火傷状態にする。自分は与えたダメージの3分の1のダメージを受ける。(99)
104,,バーンストライク,2,1,1,90,100,0,10,100,0,0,0,0,0,0,0,0,0,0,0,0,0,0,0,3,0,0,,1,烧伤,对手,,容易痛烈一击。1成概率使对手烧伤。,痛烈な一撃になりやすく1割の確率で相手を火傷状態にする。(100)
173,,干ばつ,3,0,0,-,100,0,15,101,0,0,0,0,0,0,0,0,0,0,0,0,0,0,0,0,0,0,,0,衰弱,对手,,使对手衰弱。,相手を衰弱状態にする。(101)
120,,不知火,2,0,0,-,85,0,10,102,0,0,0,0,0,0,0,0,0,0,0,0,0,0,0,0,0,0,,0,烧伤 & 黑暗,对手,,使对手烧伤、黑暗。,相手を火傷と暗闇状態にする。(102)
467,,皆既日食,9,0,0,-,80,0,10,103,0,0,0,0,0,0,0,0,0,0,0,0,0,0,0,0,0,0,,0,恐怖 & 混乱,对手,,使对手恐怖、混乱。,相手を恐怖と混乱状態にする。(103)
415,,ウェーブパライズ,8,0,0,-,80,0,10,104,0,0,0,0,0,0,0,0,0,0,0,0,0,0,0,0,0,0,,0,麻痹 & 混乱,对手,,使对手麻痹、混乱。,相手を麻痺と混乱状態にする。(104)
502,,ダークスフィア,10,1,2,100,90,0,10,105,0,0,0,0,0,0,0,0,0,0,0,0,0,0,0,0,0,0,(set power (double power (have_cstate? b "光学迷彩"))),2,害怕,对手,,2成概率使对手害怕。对方处于光学迷彩状态时，威力变为2倍。,2割の確率で相手をひるませる。カモフラージュ状態の相手には必ず当たり威力が2倍になる。(105)
29,急袭,急襲,1,1,1,40,100,3,10,106,0,0,0,0,0,0,0,0,0,0,0,0,0,0,0,0,0,0,(set allow (= turn 1)),0,害怕,对手,,使对手害怕。只能在登场时使用。,相手をひるませる。登場したらすぐに出さないと成功しない。(106)
704,偷袭？,スニーキング,14,1,1,80,100,1,5,107,0,0,0,0,0,0,0,0,0,0,0,0,0,0,0,0,0,0,(set allow (not (attacked? b))),0,,,,当对手使用攻击技能时优先攻击。对手比自己先出手，技能无效。,相手が出すスキルが攻撃スキルでかつ自分が先制でないと失敗する。(107)
601,,亡霊ミッドナイト,11,1,1,120,100,0,10,108,0,0,0,0,0,0,0,0,0,0,0,0,0,0,0,0,1/3,0,,1,恐怖,对手,,1成概率使对手恐怖。自身受到1/3伤害反伤。,1割の確率で相手を恐怖状態にする。自分は与えたダメージの3分の1のダメージを受ける。(108)
656,,メテオインパクト,13,1,1,150,100,-3,20,109,0,0,0,0,0,0,0,0,0,0,0,0,0,0,0,0,0,0,(set allow (not (get-attacked? a))),0,,,,在释放前自身受到攻击技能时会失败。,スキルを出すまでに攻撃スキルを受けると失敗する。(109)
710,,古喰,14,1,1,60,100,0,10,110,0,0,0,0,0,0,0,0,0,0,0,0,0,0,0,0,0,0,(set power (double power (attacked? b))),0,,,,在对手攻击后释放，威力翻倍。,相手より後に攻撃できると威力が2倍になる。(110)
605,,三魂七魄の離散,11,1,2,55,100,0,15,111,0,0,0,0,0,0,0,0,0,0,0,0,0,0,0,0,0,0,(set power (double power (have_item? a))),0,,,,自身不持有装饰品时，威力翻倍。,自分が装飾品を持っていない時威力が2倍になる。(111)
557,,ナゾの液体,12,2,1,65,100,0,10,112,0,0,0,0,0,0,0,0,0,0,0,0,0,0,0,0,0,0,(set power (double power (have_astate? b "毒" "猛毒"))),0,,,,在对手中毒、猛毒时，威力翻倍。,毒猛毒状態の相手には威力が2倍になる。(112)
611,,ラヴォルペイン,11,2,1,65,100,0,10,113,0,0,0,0,0,0,0,0,0,0,0,0,0,0,0,0,0,0,(set power (double power (have_astate? b))),0,,,,在对手状态异常时，威力翻倍。,相手が状態異常の時威力が2倍になる。(113)
265,,山崩れ,5,2,1,65,100,0,10,114,0,0,0,0,0,0,0,0,0,0,0,0,0,0,0,0,0,0,(set power (double power (< (get-hp b) (/ (get-mhp b) 2)))),0,,,,对手HP少于一半时，威力翻倍。,相手のＨＰが半分以下の時威力が倍になる。(114)
156,,リバーススプラッシュ,3,1,2,60,100,-4,10,115,0,0,0,0,0,0,0,0,0,0,0,0,0,0,0,0,0,0,(set power (double power (get-attacked? a))),0,,,,受到对手攻击后，威力翻倍。,相手から攻撃スキルを受けていると威力が2倍になる。(115)
665,,冷静ト情熱ノ狭間,13,1,2,60,100,-4,10,115,0,0,0,0,0,0,0,0,0,0,0,0,0,0,0,0,0,0,(set power (double power (get-attacked? a))),0,,,,受到对手攻击后，威力翻倍。,相手から攻撃スキルを受けていると威力が2倍になる。(115)
811,,ミラーダメージ,17,2,2,60,100,-4,10,115,0,0,0,0,0,0,0,0,0,0,0,0,0,0,0,0,0,0,(set power (double power (get-attacked? a))),0,,,,受到对手攻击后，威力翻倍。,相手から攻撃スキルを受けていると威力が2倍になる。(115)
25,,仇討,1,1,1,70,100,0,5,116,0,0,0,0,0,0,0,0,0,0,0,0,0,0,0,0,0,0,(set power (double power (have-death-last-turn? A))),0,,,,当上一回合己方有人形倒下，威力翻倍。,前のターンに味方が倒されていると威力が2倍になる。(116)
108,,火燕舞踏,2,2,1,150,100,0,5,117,0,0,0,0,0,0,0,0,0,0,0,0,0,0,0,0,0,0,,0,,,详见state,自身HP越少，威力越小。,自分のＨＰが減るほど威力が下がる。(117)
160,,ウォーターカノン,3,2,2,150,100,0,5,117,0,0,0,0,0,0,0,0,0,0,0,0,0,0,0,0,0,0,,0,,,详见state,自身HP越少，威力越小。,自分のＨＰが減るほど威力が下がる。(117)
712,,グラビティブラスト,14,2,2,120,100,0,5,118,0,0,0,0,0,0,0,0,0,0,0,0,0,0,0,0,0,0,,0,,,详见state,对手HP越少，威力越小。,相手のＨＰが少ないほど威力が下がる。(118)
760,,無限音階,15,2,2,20,100,0,10,119,0,0,0,0,0,0,0,0,0,0,0,0,0,0,0,0,0,0,,0,,,详见state,自身能力变化越高，威力越大。,自分の能力が上がっているほど威力が上がる。(119)
701,,奇跡の代償,14,1,2,20,100,0,5,120,0,0,0,0,0,0,0,0,0,0,0,0,0,0,0,0,0,0,,0,,,详见state,对手能力变化越高，威力越大。,相手の能力が上がっているほど威力が上がる。(120)
101,,烈火,2,1,2,-,100,0,10,121,0,0,0,0,0,0,0,0,0,0,0,0,0,0,0,0,0,0,,0,,,详见state,自身cost比对手越多，威力越大。,自分のコストが相手より高いほど威力が高くなる。(121)
11,,奮戦,1,1,1,-,100,0,15,122,0,0,0,0,0,0,0,0,0,0,0,0,0,0,0,0,0,0,,0,,,详见state,自身HP越少，威力越大。,自分のＨＰが減るほど威力が上がる。(122)
654,,風前の灯,13,1,2,-,100,0,15,122,0,0,0,0,0,0,0,0,0,0,0,0,0,0,0,0,0,0,,0,,,详见state,自身HP越少，威力越大。,自分のＨＰが減るほど威力が上がる。(122)
24,,逆境の一手,1,1,2,70,100,0,20,123,0,0,0,0,0,0,0,0,0,0,0,0,0,0,0,0,0,0,,0,,,,自身陷入状态异常时，威力翻倍。无视黑暗、恐怖状态。,自分が状態異常の時威力が2倍になる。自分の暗闇・恐怖状態を無視する。(123)
657,,捨命の型,13,1,1,130,90,0,10,124,0,0,0,0,0,0,0,0,0,0,0,0,0,0,0,0,0,0,,0,,,详见state,自身攻击miss时，受到最大HP 1/2 的反伤。,攻撃を外すと自分は最大ＨＰの半分のダメージを受ける。(124)
303,,インパクトリベリオン,6,1,1,-,100,0,5,125,0,0,0,0,0,0,0,0,0,0,0,0,0,0,0,0,0,0,,0,,,详见state,对手敏捷越低，威力越大。,相手より俊敏が低いほど威力が高くなる。(125)
201,,タンブルプラント,4,1,1,-,100,0,20,126,0,0,0,0,0,0,0,0,0,0,0,0,0,0,0,0,0,0,,0,,,详见state,对手cost越高，威力越大。,相手のコストが高いほど威力が高くなる。(126)
301,,霞払い,6,1,1,-,100,0,10,126,0,0,0,0,0,0,0,0,0,0,0,0,0,0,0,0,0,0,,0,,,详见state,对手cost越高，威力越大。,相手のコストが高いほど威力が高くなる。(126)
652,,崩山掌,13,1,1,-,100,0,20,126,0,0,0,0,0,0,0,0,0,0,0,0,0,0,0,0,0,0,,0,,,详见state,对手cost越高，威力越大。,相手のコストが高いほど威力が高くなる。(126)
311,,ラストスラッシュ,6,2,1,100,100,0,15,127,0,0,0,0,0,0,0,0,0,0,0,0,0,0,0,0,0,0,,0,无防备,自身,,攻击后自身陷入无防备。,攻撃後無防備になってしまう。(127)
706,,奈落の花,14,1,1,80,100,0,20,128,0,0,0,0,0,0,0,0,0,0,0,0,0,0,0,0,0,0,,3,无防备,对手,,3成概率使对手无防备。,3割の確率で相手は無防備になる。(128)
702,,廻ル幻想,14,1,2,95,100,0,15,129,0,0,0,0,0,0,0,0,0,0,0,0,0,0,0,0,0,0,(set tpat (get-pat b)),0,,,,使用对手的集弹属性进行攻击。,相手の弾を使って攻撃する。(129)
717,,不思議な波動,14,2,2,80,100,0,10,130,0,0,0,0,0,0,0,0,0,0,0,0,0,0,0,0,0,0,(swap btpdf btmdf),0,,,,交换对手的集防与散防进行攻击。,相手の集防と散防を入れ替えて攻撃する。(130)
803,,魅惑の迷路,17,1,2,80,100,0,10,130,0,0,0,0,0,0,0,0,0,0,0,0,0,0,0,0,0,0,(swap btpdf btmdf),0,,,,交换对手的集防与散防进行攻击。,相手の集防と散防を入れ替えて攻撃する。(130)
808,,甘美な囁き,17,2,2,80,100,0,10,130,0,0,0,0,0,0,0,0,0,0,0,0,0,0,0,0,0,0,(swap btpdf btmdf),0,,,,交换对手的集防与散防进行攻击。,相手の集防と散防を入れ替えて攻撃する。(130)
569,,憂鬱の雨,12,1,2,60,‐,0,15,131,0,0,0,0,0,0,0,0,0,0,0,0,0,0,0,0,0,0,(set-ability-change b 0),0,,,,清除对手能力变化。攻击一定命中。,相手の能力变化を元に戻す。攻撃が必ず当たる。(131)
558,,ネガティブミスト,12,2,2,60,‐,0,15,131,0,0,0,0,0,0,0,0,0,0,0,0,0,0,0,0,0,0,(set-ability-change b 0),0,,,,清除对手能力变化。攻击一定命中。,相手の能力变化を元に戻す。攻撃が必ず当たる。(131)
26,,穿突,1,1,1,70,100,0,20,132,0,0,0,0,0,0,0,0,0,0,0,0,0,0,0,0,0,0,(set-ability-change-temp b 0),0,,,,无视对手能力变化进行攻击。,相手の能力变化を無視して攻撃する。(132)
607,,カロンフェリッジ,11,2,2,-,100,0,15,133,0,0,0,0,0,0,0,0,0,0,0,0,0,0,0,0,0,0,(set damage (get-level a)),0,,,,给予对手与自身等级相同的固定伤害。,自分のレベルと同じだけのダメージを相手に与える。(133)
653,,合気の極意,13,1,1,-,100,0,20,133,0,0,0,0,0,0,0,0,0,0,0,0,0,0,0,0,0,0,(set damage (get-level a)),0,,,,给予对手与自身等级相同的固定伤害。,自分のレベルと同じだけのダメージを相手に与える。(133)
669,,天罰の一撃,13,2,2,-,100,0,5,134,0,0,0,0,0,0,0,0,0,0,0,0,0,0,0,0,0,1,(set damage (get-hp a)),0,,,,自身陷入状态不能。对手受到与自身HP相同的固定伤害。,自分は戦闘不能になるが相手にＨＰ分のダメージを与える。(134)
651,,クロスカウンター,13,1,1,-,100,-5,20,135,0,0,0,0,0,0,0,0,0,0,0,0,0,0,0,0,0,0,(set damage (* (get-damage-this-turn a 1) 2)),0,,,,返还同一回合受到的集中伤害的2倍。,同じターンに受けた集中スキルのダメージを2倍にして返す。(135)
713,,水鏡,14,2,2,-,100,-5,20,136,0,0,0,0,0,0,0,0,0,0,0,0,0,0,0,0,0,0,(set damage (* (get-damage-this-turn a 2) 2)),0,,,,返还同一回合受到的扩散伤害的2倍。,同じターンに受けた扩散スキルのダメージを2倍にして返す。(136)
302,,リフレクションミラー,6,1,2,-,100,0,10,137,0,0,0,0,0,0,0,0,0,0,0,0,0,0,0,0,0,0,(set damage (* (get-damage-this-turn a 0) 1.5)),0,,,,返还同一回合受到的攻击伤害的1.5倍。,同じターンに受けた攻撃スキルのダメージを1.5倍にして返す。(137)
12,,ジャストエイム,1,1,1,-,30,0,8,138,0,0,0,0,0,0,0,0,0,0,0,0,0,0,0,0,0,0,(set damage (get-hp b)),0,,,,使对手战斗不能。,相手のＨＰに関係なく戦闘不能にする。(138)
251,,震天動地,5,1,1,-,30,0,8,138,0,0,0,0,0,0,0,0,0,0,0,0,0,0,0,0,0,0,(set damage (get-hp b)),0,,,,使对手战斗不能。,相手のＨＰに関係なく戦闘不能にする。(138)
14,,いたずら,1,1,1,-,90,0,10,139,0,0,0,0,0,0,0,0,0,0,0,0,0,0,0,0,0,0,(set damage (/ (get-hp b) 2)),0,,,,使对手HP减半。,相手のＨＰを半分にする。(139)
15,,差引勘定,1,1,1,-,100,0,5,140,0,0,0,0,0,0,0,0,0,0,0,0,0,0,0,0,0,0,(set damage (max (- (get-hp b) (get-hp a)) 0)),0,,,,使对手HP与自身相同。,相手のＨＰを自分と同じにする。(140)
207,,パワードレイン,4,1,2,75,100,0,10,141,0,0,0,0,0,0,0,0,0,0,0,0,0,0,0,0,-1/2,0,,0,,,,回复造成伤害的1/2HP。,与えたダメージの半分のＨＰを回復できる。(141)
229,,パラサイト,4,1,2,50,100,0,25,141,0,0,0,0,0,0,0,0,0,0,0,0,0,0,0,0,-1/2,0,,0,,,,回复造成伤害的1/2HP。,与えたダメージの半分のＨＰを回復できる。(141)
214,,エナジーアブソーブ,4,2,2,75,100,0,10,141,0,0,0,0,0,0,0,0,0,0,0,0,0,0,0,0,-1/2,0,,0,,,,回复造成伤害的1/2HP。,与えたダメージの半分のＨＰを回復できる。(141)
409,,盗電チャージング,8,2,2,75,100,0,20,141,0,0,0,0,0,0,0,0,0,0,0,0,0,0,0,0,-1/2,0,,0,,,,回复造成伤害的1/2HP。,与えたダメージの半分のＨＰを回復できる。(141)
453,,アトミックエナジー,9,1,2,75,100,0,10,141,0,0,0,0,0,0,0,0,0,0,0,0,0,0,0,0,-1/2,0,,0,,,,回复造成伤害的1/2HP。,与えたダメージの半分のＨＰを回復できる。(141)
663,,オーラドレイン,13,1,1,75,100,0,10,141,0,0,0,0,0,0,0,0,0,0,0,0,0,0,0,0,-1/2,0,,0,,,,回复造成伤害的1/2HP。,与えたダメージの半分のＨＰを回復できる。(141)
664,,ブレイクショット,13,1,1,75,100,0,15,142,0,0,0,0,0,0,0,0,0,0,0,0,0,0,0,0,0,0,,0,结界破坏,对手,,破坏对手散弹结界与集弹结界的攻击。,相手のＦバリアとＦプロテクトを破壊してから攻撃する。(142)
809,,フィールドブレイク,17,2,1,75,100,0,15,142,0,0,0,0,0,0,0,0,0,0,0,0,0,0,0,0,0,0,,0,结界破坏,对手,,破坏对手散弹结界与集弹结界的攻击。,相手のＦバリアとＦプロテクトを破壊してから攻撃する。(142)
118,,ファイアウォール,2,2,2,65,100,0,10,143,0,0,0,0,0,0,0,0,0,0,0,0,0,0,0,0,0,0,(set power (? (have-item? b) (* power 1.5) power)),0,装饰品销毁,对手,,当对手持有装饰品时，威力变为1.5倍。对手装饰品消失。,相手が装飾品を持っていると威力が1.5倍になる。相手は装飾品をなくしてしまう。(143)
505,,パニックコール,10,1,2,65,100,0,10,143,0,0,0,0,0,0,0,0,0,0,0,0,0,0,0,0,0,0,(set power (? (have-item? b) (* power 1.5) power)),0,装饰品销毁,对手,,当对手持有装饰品时，威力变为1.5倍。对手装饰品消失。,相手が装飾品を持っていると威力が1.5倍になる。相手は装飾品をなくしてしまう。(143)
707,,セントエルモの火,14,1,1,65,100,0,10,143,0,0,0,0,0,0,0,0,0,0,0,0,0,0,0,0,0,0,(set power (? (have-item? b) (* power 1.5) power)),0,装饰品销毁,对手,,当对手持有装饰品时，威力变为1.5倍。对手装饰品消失。,相手が装飾品を持っていると威力が1.5倍になる。相手は装飾品をなくしてしまう。(143)
18,,奥の手,1,1,1,140,100,0,5,144,0,0,0,0,0,0,0,0,0,0,0,0,0,0,0,0,0,0,(set allow (have-use-other? a sid)),0,,自身,,此技能外的其他技能全部使用后才能使用。,自分の持つ他のスキルをすべて使うと使えるようになる。(144)
19,,不動心,1,1,2,130,100,0,10,145,0,1,0,0,0,0,0,0,0,0,0,0,0,0,0,0,0,0,,0,蓄力,自身,,第一回合蓄力，集防变化+1。第二回合攻击。,1ターン目で力を溜め自分の集防が上がる。2ターン目に攻撃する。(145)
708,,詐欺玉,14,1,1,60,100,0,10,146,0,0,0,0,0,0,0,0,0,0,0,0,0,0,0,0,0,0,,0,夺取装饰品,自身,,攻击后夺取对手的装饰品。,攻撃後相手の装飾品を奪う。(146)
554,,ヴェノムストライク,12,2,1,120,100,0,10,147,0,0,0,0,0,0,0,0,0,0,0,0,0,0,0,0,0,0,,2,装饰品销毁&中毒,自身&对手,,持有装饰品时不能使用。2成概率使对手中毒。,自分が装飾品を持っていると使えない。2割の確率で相手を毒状態にする。(147)
711,,追伐,14,1,1,50,100,0,20,148,0,0,0,0,0,0,0,0,0,0,0,0,0,0,0,0,0,0,(do (set power (double power (change-doll? B))) (set priority max-priority)),0,,,,在对方替换人形前一刻，进行威力翻倍的追击。,相手が交代するときに使うと交代前に威力2倍で攻撃する。(148)
114,,炎龍の舞,2,2,2,100,75,0,5,149,0,0,0,0,0,0,0,0,0,0,0,0,0,0,0,0,0,0,,0,4～5回合束缚,对手,,4～5回合使对手束缚。,4～5ターンのあいだ相手を閉じ込める。(149)
119,,炎蛇の舞,2,2,2,20,100,0,20,149,0,0,0,0,0,0,0,0,0,0,0,0,0,0,0,0,0,0,,0,4～5回合束缚,对手,,4～5回合使对手束缚。,4～5ターンのあいだ相手を閉じ込める。(149)
169,,集中豪雨,3,2,2,20,100,0,20,149,0,0,0,0,0,0,0,0,0,0,0,0,0,0,0,0,0,0,,0,4～5回合束缚,对手,,4～5回合使对手束缚。,4～5ターンのあいだ相手を閉じ込める。(149)
260,,塵旋の門,5,1,1,20,100,0,20,149,0,0,0,0,0,0,0,0,0,0,0,0,0,0,0,0,0,0,,0,4～5回合束缚,对手,,4～5回合使对手束缚。,4～5ターンのあいだ相手を閉じ込める。(149)
358,,大竜巻,7,1,2,20,100,0,20,149,0,0,0,0,0,0,0,0,0,0,0,0,0,0,0,0,0,0,,0,4～5回合束缚,对手,,4～5回合使对手束缚。,4～5ターンのあいだ相手を閉じ込める。(149)
512,,無限の闇,10,2,2,20,100,0,20,149,0,0,0,0,0,0,0,0,0,0,0,0,0,0,0,0,0,0,,0,4～5回合束缚,对手,,4～5回合使对手束缚。,4～5ターンのあいだ相手を閉じ込める。(149)
32,,弾幕乱舞,1,2,2,120,100,0,10,150,0,0,0,0,0,0,0,0,0,0,0,0,0,0,0,0,0,0,,0,攻击2~3回合后混乱,自身,,连续攻击2～3回合，然后混乱。,2～3ターン同じスキルで攻撃する。その後混乱する。(150)
211,,散華野分舞,4,2,2,120,100,0,10,150,0,0,0,0,0,0,0,0,0,0,0,0,0,0,0,0,0,0,,0,攻击2~3回合后混乱,自身,,连续攻击2～3回合，然后混乱。,2～3ターン同じスキルで攻撃する。その後混乱する。(150)
509,,暗黒演舞,10,2,1,120,100,0,10,150,0,0,0,0,0,0,0,0,0,0,0,0,0,0,0,0,0,0,,0,攻击2~3回合后混乱,自身,,连续攻击2～3回合，然后混乱。,2～3ターン同じスキルで攻撃する。その後混乱する。(150)
47,,無我の境地,1,0,0,-,‐,0,10,151,0,0,0,0,0,0,0,0,0,0,0,0,0,0,0,0,0,0,(set allow (have-astate? a "停止")),0,,,√,只有当自身陷入停止时才能使用。随机使用其他技能。,自分が停止状態の時だけ使える。ランダムでスキルを使う。(151)
370,天气显现【凪】,気象発現「凪」,7,0,0,-,‐,0,10,152,0,0,0,0,0,0,0,0,0,0,0,0,0,0,0,0,0,0,,0,凪,気象,,使天气变为风。,気象を凪にする。(152)
469,天气显现【极光】,気象発現「極光」,9,0,0,-,‐,0,10,153,0,0,0,0,0,0,0,0,0,0,0,0,0,0,0,0,0,0,,0,极光,気象,,使天气变为极光。,気象を極光にする。(153)
519,天气显现【浓雾】,気象発現「濃霧」,10,0,0,-,‐,0,10,154,0,0,0,0,0,0,0,0,0,0,0,0,0,0,0,0,0,0,,0,浓雾,気象,,使天气变为浓雾。,気象を濃霧にする。(154)
268,天气显现【黄砂】,気象発現「黄砂」,5,0,0,-,‐,0,10,155,0,0,0,0,0,0,0,0,0,0,0,0,0,0,0,0,0,0,,0,黄砂,気象,,使天气变为黄砂。,気象を黄砂にする。(155)
227,地相显现【青龙】,地相発現「青龍」,4,0,0,-,‐,-1,10,156,0,0,0,0,0,0,0,0,0,0,0,0,0,0,0,0,0,0,,0,青龙,地相,,使地相变为青龙。,地相を青龍にする。(156)
122,地相显现【朱雀】,地相発現「朱雀」,2,0,0,-,‐,0,10,157,0,0,0,0,0,0,0,0,0,0,0,0,0,0,0,0,0,0,,0,朱雀,地相,,使地相变为朱雀。,地相を朱雀にする。(157)
321,地相显现【白虎】,地相発現「白虎」,6,0,0,-,‐,0,10,158,0,0,0,0,0,0,0,0,0,0,0,0,0,0,0,0,0,0,,0,白虎,地相,,使地相变为白虎。,地相を白虎にする。(158)
174,地相显现【玄武】,地相発現「玄武」,3,0,0,-,‐,-7,10,159,0,0,0,0,0,0,0,0,0,0,0,0,0,0,0,0,0,0,,0,玄武,地相,,使地相变为玄武。,地相を玄武にする。(159)
69,,天空の威光,1,1,2,50,100,0,10,160,0,0,0,0,0,0,0,0,0,0,0,0,0,0,0,0,0,0,,0,,,根据气象改变威力,威力和属性根据天气而改变。,気象によって威力と属性が変わる。(160)
37,天神加护,天神の加護,1,2,2,50,100,0,10,160,0,0,0,0,0,0,0,0,0,0,0,0,0,0,0,0,0,0,,0,,,根据气象改变威力,威力和属性根据天气而改变。,気象によって威力と属性が変わる。(160)
70,,地穣の威光,1,1,1,60,100,0,10,161,0,0,0,0,0,0,0,0,0,0,0,0,0,0,0,0,0,0,,0,,,根据地相改变威力,威力和属性根据地相而改变。,地相によって威力と属性が変わる。(161)
38,四神加护,四神の加護,1,2,2,60,100,0,10,161,0,0,0,0,0,0,0,0,0,0,0,0,0,0,0,0,0,0,,0,,,根据地相改变威力,威力和属性根据地相而改变。,地相によって威力と属性が変わる。(161)
168,,純水のベール,3,2,2,40,100,0,25,162,0,0,0,0,0,0,0,0,0,0,0,0,0,0,0,0,0,0,,0,5回合能力不能下降,自身,,5回合内对手无法降低自身的能力。,5ターンのあいだ相手に能力を下げられなくなる。(162)
380,,終焉の静風,7,2,2,60,100,0,10,163,0,0,0,0,0,0,0,0,0,0,0,0,0,0,0,0,0,0,(set power (double power (have-weather?))),0,,,,当有天气存在时，威力翻倍，并解除天气。,何らかの気象の時威力を2倍にし気象を解除する。(163)
455,,天光の舞,9,1,2,60,100,0,10,163,0,0,0,0,0,0,0,0,0,0,0,0,0,0,0,0,0,0,(set power (double power (have-weather?))),0,,,,当有天气存在时，威力翻倍，并解除天气。,何らかの気象の時威力を2倍にし気象を解除する。(163)
278,,破壊の亀裂,5,2,1,60,100,0,10,164,0,0,0,0,0,0,0,0,0,0,0,0,0,0,0,0,0,0,(set power (double power (have-ground?))),0,,,,当有地相存在时，威力翻倍，并解除地相。,何らかの地相の時威力を2倍にし地相を解除する。(164)
506,,ロストクライシス,10,1,1,60,100,0,10,164,0,0,0,0,0,0,0,0,0,0,0,0,0,0,0,0,0,0,(set power (double power (have-ground?))),0,,,,当有地相存在时，威力翻倍，并解除地相。,何らかの地相の時威力を2倍にし地相を解除する。(164)
212,,彩光百花,4,2,2,120,100,0,10,166,0,0,0,0,0,0,0,0,0,0,0,0,0,0,0,0,0,0,,0,蓄力,自身,√,第一回合蓄力，第二回合攻击。当天气为极光时，不需蓄力直接攻击。,1ターン目で力を溜め2ターン目に攻撃する。気象が極光の時力を溜めずに使える。(166)
41,森罗结界,森羅結界,1,0,0,-,‐,4,10,167,0,0,0,0,0,0,0,0,0,0,0,0,0,0,0,0,0,0,,0,保护,自身,√,使用的回合不会受到对手的攻击。连续使用容易失败。,使ったターン相手の攻撃をまったく受けない。連続で出すと失敗しやすい。(167)
218,,茨の蔦,4,0,0,-,‐,4,5,168,0,0,0,0,0,0,0,0,0,0,0,0,0,0,0,0,0,0,,0,反伤保护,自身,疑似70+,防御住对手的攻击。高威力的攻击能造成反伤。多次使用容易失败。,相手の攻撃を防ぐ。威力の高い攻撃を防ぐと相手を傷つける。連続で出すと失敗しやすい。(168)
602,,ストークマーダー,11,1,1,120,‐,0,10,169,0,0,0,0,0,0,0,0,0,0,0,0,0,0,0,0,0,0,,0,消失蓄力,自身,√,第一回合消失，第二回合攻击。无视对手的集弹结界与散弹结界。攻击一定命中。,一度姿を消し次のターンに攻撃する。相手の壁を無視してダメージを与えられる。攻撃が必ず当たる。(169)
31,,影走り,1,1,1,30,100,2,10,170,0,0,0,0,0,0,0,0,0,0,0,0,0,0,0,0,0,0,,0,无视防御结界,自身,,无视对手的防御结界。,相手の防御結界を無視できる。(170)
363,,スマッシュスピン,7,2,2,60,100,0,15,171,0,0,0,0,0,0,0,0,0,0,0,0,0,0,0,0,0,0,,0,陷阱解除,己方,,吹飞束缚与陷阱的攻击。,拘束スキルやトラップを吹き飛ばしてから攻撃する。(171)
355,,盗難の風,7,1,2,60,100,0,20,172,0,0,0,0,0,0,0,0,0,0,0,0,0,0,0,0,0,0,,0,夺取装饰品,自身,,夺取对手的装饰品并使用。,相手の装飾品1を奪って自分に使う。(172)
761,,エンカレッジ,15,0,0,-,100,0,5,173,0,0,0,0,0,0,0,0,0,0,0,0,0,0,0,0,0,0,,0,3回合技能限制（最后的技能）,对手,,使对手连续3回合只能使用其最后使用的技能。,相手が最後に使ったスキルを3ターンのあいだずっとださせる。(173)
762,,アップビート,15,0,0,-,100,0,30,174,0,0,0,0,0,0,0,0,0,0,0,0,0,0,0,0,0,0,,0,3回合技能限制（攻击技能）,对手,,使对手连续3回合只能使用攻击技能。,3ターンのあいだ相手はダメージを与えるスキルしかだせなくなる。(174)
365,风神加护,風神の加護,7,0,0,-,‐,0,30,175,0,0,0,0,0,0,0,0,0,0,0,0,0,0,0,0,0,0,,0,风神加护,己方,,生成5回合的风神的加护。当天气为风时，生成6回合。,5ターンのあいだ味方全員の俊敏が高くなる。気象：凪の時6ターンになる。(175)
463,幸运彩虹,幸運の虹,9,0,0,-,‐,0,25,176,0,0,0,0,0,0,0,0,0,0,0,0,0,0,0,0,0,0,,0,幸运彩虹,己方,,生成5回合的幸运彩虹。期间状态异常无效。,5ターンのあいだ自分の場に虹をだし状態異常にならなくする。(176)
718,,コンティニュー,14,0,0,-,‐,0,10,177,0,0,0,0,0,0,0,0,0,0,0,0,0,0,0,0,0,0,,0,,,,陷入2回合的停止。结束后HP与状态异常全部回复。,2ターンのあいだ停止状態になりＨＰと状態異常を全て回復する。(177)
217,生命之泉,命の泉,4,0,0,-,‐,0,20,178,0,0,0,0,0,0,0,0,0,0,0,0,0,0,0,0,0,-1/16,,0,,,,每回合回复1/16HP。使用的人形不能交换。,毎ターンＨＰを少しずつ回復する。使用した人形は交代ができなくなる。(178)
40,,やせ我慢,1,0,0,-,‐,4,10,179,0,0,0,0,0,0,0,0,0,0,0,0,0,0,0,0,0,0,,0,,,,即使受到致命一击，也能留下1HP。连续使用容易失败。,攻撃を受けてもＨＰを必ず1だけ残せる。連続で出すと失敗しやすい。(179)
719,海市蜃楼,蜃気楼,14,0,0,-,‐,4,15,180,0,0,0,0,0,0,0,0,0,0,0,0,0,0,0,0,0,0,,0,,,,将对手的变化技能反弹。,变化スキルを相手に跳ね返す。(180)
613,死者的呼声,死者の呼び声,11,0,0,-,‐,0,5,181,0,0,0,0,0,0,0,0,0,0,0,0,0,0,0,0,0,0,,0,,,,使用技能后，对手令自身陷入状态不能时，对手也陷入状态不能。,スキルをだした後に攻撃を受けて戦闘不能になった時相手も戦闘不能にする。(181)
219,,ドレインシード,4,0,0,-,90,0,10,182,0,0,0,0,0,0,0,0,0,0,0,0,0,0,0,0,0,0,,0,,,,每回合吸取对手HP回复自身。对自然属性人形无效。,相手のＨＰを毎ターン吸い取り自分のＨＰを回復する。自然属性には効かない。(182)
514,黑洞,ブラックホール,1,0,0,-,‐,0,5,183,0,0,0,0,0,0,0,0,0,0,0,0,0,0,0,0,0,0,,0,逃脱不能,对手,,使对手不能从战斗中逃脱。,相手を戦闘から逃げられなくする。(183)
367,栖木,止まり木,7,0,0,-,‐,0,15,184,0,0,0,0,0,0,0,0,0,0,0,0,0,0,0,0,0,0,,0,,,,落到地面上，回复最大HP的1/2。使风属性消失。,最大ＨＰの半分回復する。使ったターン風属性がなくなる。(184)
720,,臨死体験,14,0,0,-,‐,0,20,185,0,0,0,0,0,0,0,0,0,0,0,0,0,0,0,0,0,0,,0,,,,使用最后使用的技能攻击对手。,最後に使われたスキルで相手に攻撃する。(185)
45,节俭精神,もったいない精神,1,0,0,-,‐,0,10,186,0,0,0,0,0,0,0,0,0,0,0,0,0,0,0,0,0,0,,0,,,,令使用过的装饰品能够再次使用。,一度使った装飾品をもう一度使うことができる。(186)
46,灵能地点,パワースポット,1,0,0,-,‐,0,15,187,0,0,0,0,0,0,0,0,0,0,0,0,0,0,0,0,0,0,,0,,,,下回合自身回复1/2HP。,次のターンに自分の最大ＨＰの半分回復する。(187)
721,,アムネジア,14,0,0,-,‐,0,10,188,0,0,0,0,0,0,0,0,0,0,0,0,0,0,0,0,0,0,,0,,,,下回合对手陷入停止状态。,次のターンに相手を停止状態にする。(188)
221,,白百合の舞,4,0,0,-,‐,0,10,189,0,0,0,0,0,0,0,0,0,0,0,0,0,0,0,0,0,1,,0,,自身,,自身陷入战斗不能。己方其他人形状态异常与HP全回复。,自分は戦闘不能になるが控えから出てくる人形の状態異常とＨＰを全回復する。(189)
724,,クロスチェンジ,14,0,0,-,‐,0,10,190,0,0,0,0,0,0,0,0,0,0,0,0,0,0,0,0,0,0,,0,,自身,,交换自身与对手的特性。,自分と相手のアビリティを入れ替える。(190)
614,诅咒返还,呪い返し,11,0,0,-,‐,0,20,191,0,0,0,0,0,0,0,0,0,0,0,0,0,0,0,0,0,0,,0,,自身,,均分自身与对手的HP。,自分と相手のＨＰを合わせてそれを自分と相手で分ける。(191)
722,攻击置换,攻撃置換,14,0,0,-,‐,0,10,192,0,0,0,0,0,0,0,0,0,0,0,0,0,0,0,0,0,0,,0,,自身,,交换自身与对手的集弹与散弹能力变化。,自分と相手の集弾と散弾の能力变化を入れ替える。(192)
723,攻击均分,アタックミーン,14,0,0,-,‐,0,10,193,0,0,0,0,0,0,0,0,0,0,0,0,0,0,0,0,0,0,,0,,自身,,均分自身与对手的集弹与散弹。,自分と相手の集弾と散弾をたして半分にわける。(193)
725,防御置换,防御置換,14,0,0,-,‐,0,10,194,0,0,0,0,0,0,0,0,0,0,0,0,0,0,0,0,0,0,,0,,自身,,交换自身与对手的集防与散防能力变化。,自分と相手の集防と散防の能力变化を入れ替える。(194)
726,防御均分,ガードミーン,14,0,0,-,‐,0,10,195,0,0,0,0,0,0,0,0,0,0,0,0,0,0,0,0,0,0,,0,,自身,,均分自身与对手的集防与散防。,自分と相手の集防と散防をたして半分にわける。(195)
763,,ア・テンポ,15,0,0,-,‐,0,30,196,0,0,0,0,0,0,0,0,0,0,0,0,0,0,0,0,0,0,,0,,,,还原全员的能力变化。,全員の能力变化を元に戻す。(196)
513,,シャークトレード,10,0,0,-,100,0,10,197,0,0,0,0,0,0,0,0,0,0,0,0,0,0,0,0,0,0,,0,,对手,,交换自身与对手的装饰品。,相手と自分の装飾品を交換する。(197)
765,,破滅の声,15,0,0,-,‐,0,5,198,0,0,0,0,0,0,0,0,0,0,0,0,0,0,0,0,0,0,,0,,,,听到的人形在3回合后陷入战斗不能。交换人形能够使效果消失。,聴いた人形は3ターン後戦闘不能になる。交代すると効果はなくなる。(198)
731,,ポゼッション,14,0,0,-,‐,0,10,199,0,0,0,0,0,0,0,0,0,0,0,0,0,0,0,0,0,0,,0,,自身,,使自身能力与对手相同。,自分のアビリティを相手と同じにする。(199)
413,闪光充电,ライトニングチャージ,8,0,0,-,‐,0,20,200,0,0,0,0,0,0,0,0,0,0,0,0,0,0,0,0,0,0,,0,,自身,,使自身散防变化+1。下回合使用雷属性技能威力翻倍。,自分の散防が1段階上がる。次のターンに出す雷属性スキルのダメージを2倍にする。(200)
464,太阳加护,太陽の加護,9,0,0,-,‐,0,40,201,0,0,0,0,0,0,0,0,0,0,0,0,0,0,0,0,0,0,,0,,自身,,自身集弹、散弹变化+1。天气为风、极光时变化+2。,自分の集弾と散弾が1段階上がる。凪か極光のとき効果が上がる。(201)
729,,イマジネイト,14,0,0,-,‐,0,10,202,0,0,0,0,0,0,0,0,0,0,0,0,0,0,0,0,0,0,,0,,自身,,交换自身的集弹与集防。,自分の集弾と集防を入れ替える。(202)
730,正直者的大谎言,正直者の大嘘,14,0,0,-,100,0,10,203,0,0,0,0,0,0,0,0,0,0,0,0,0,0,0,0,0,0,,0,,自身,,将自身的状态异常转移到对手身上，而自己被治愈。,自分の状態異常を相手に写し自分は治る。(203)
727,虚像,虚像,14,0,0,-,‐,1,30,204,0,0,0,0,0,0,0,0,0,0,0,0,0,0,0,0,0,0,,0,,自身,,使自身的属性变为自身技能列表最上面的技能属性。,自分の属性を自分の一番上のスキルと同じ属性に変える。(204)
728,二重身,ドッペルゲンガー,14,0,0,-,‐,1,15,205,0,0,0,0,0,0,0,0,0,0,0,0,0,0,0,0,0,0,,0,,自身,,使自身变成与对手相同的属性。,自分の属性を相手の属性と同じにする。(205)
615,死神之舞,死神の舞,11,0,0,-,‐,0,10,206,0,0,0,0,0,0,0,0,0,0,0,0,0,0,0,0,0,0,,0,死神附身,对手,,以自身HP为代价，召唤死神附身对手。,自分のＨＰを代償に相手に死神を呼び寄せる。(206)
616,诅咒,呪詛,11,0,0,-,100,0,20,207,0,0,0,0,0,0,0,0,0,0,0,0,0,0,0,0,0,0,,0,,,,使对手最后使用的技能4回合内不能使用。,直前にだしていたスキルを4ターンのあいだ使えなくする。(207)
53,,先読み,1,0,0,-,‐,0,20,208,0,0,0,0,0,0,0,0,0,0,0,0,0,0,0,0,0,0,,0,,,,使用1.5倍的威力抢先使用对手的技能。对手先进行时失败。,威力を1.5倍で相手がだそうとするスキルを必中で先に出す。先にだせないと失敗する。(208)
414,,強力磁場,8,0,0,-,‐,0,5,209,0,0,0,0,0,0,0,0,0,0,0,0,0,0,0,0,0,0,,0,,,,使对手同一回合内的下一次攻击变为雷属性。,次の相手のスキルは雷属性になる。(209)
733,,悪夢の想起,14,0,0,-,100,0,10,210,0,0,0,0,0,0,0,0,0,0,0,0,0,0,0,0,0,0,,0,,对手,,使对手的特性变为“活泼”。,相手のアビリティを「活発」にする。(210)
734,,マインドコントロール,14,0,0,-,100,0,15,211,0,0,0,0,0,0,0,0,0,0,0,0,0,0,0,0,0,0,,0,,对手,,使对手的特性与自身相同。,相手のアビリティを自分と同じにする。(211)
732,,映し身,14,0,0,-,‐,0,10,212,0,0,0,0,0,0,0,0,0,0,0,0,0,0,0,0,0,0,,0,,,,使自身能力变化与对手相同。,能力变化の状態を相手と同じにする。(212)
617,,負の嘲笑,11,0,0,-,100,0,10,213,0,0,0,0,0,0,0,0,0,0,0,0,0,0,0,0,0,0,,0,,对手,,使对手最后使用的技能的SP减少4。,相手が最後に使ったスキルのＳＰを4だけ減らす。(213)
322,隐秘陷阱,ステルストラップ,6,0,0,-,‐,0,20,214,0,0,0,0,0,0,0,0,0,0,0,0,0,0,0,0,0,0,,0,,,,设置隐秘陷阱，使替换出的人形受到伤害。受属性兼容的影响。,ステルストラップを設置し交代で出てきた相手の人形にダメージを与える。属性相性の影響を受ける。(214)
517,束缚陷阱,バインドトラップ,10,0,0,-,‐,0,20,215,0,0,0,0,0,0,0,0,0,0,0,0,0,0,0,0,0,0,,0,,,,设置束缚陷阱，使替换出的人形降低敏捷。,バインドトラップを設置し交代で出てきた相手の俊敏を下げる。(215)
560,毒陷阱,ポイズントラップ,12,0,0,-,‐,0,20,216,0,0,0,0,0,0,0,0,0,0,0,0,0,0,0,0,0,0,,0,,,,设置毒陷阱，使替换出的人形中毒、猛毒。,ポイズントラップを設置し交代で出てきた相手の人形を毒にする。2回使うと猛毒にする。(216)
267,矿陷阱,マイントラップ,5,0,0,-,‐,0,20,217,0,0,0,0,0,0,0,0,0,0,0,0,0,0,0,0,0,0,,0,,,,设置矿陷阱，威力随着设置次数而上升。,マイントラップを設置し交代で出てきた相手の人形にダメージを与える。重ね掛けで威力が上がる。(217)
774,,位相反転,15,0,0,-,‐,1,5,218,0,0,0,0,0,0,0,0,0,0,0,0,0,0,0,0,0,0,,0,,对手,,使对手能力变化反转。,相手の能力变化を反転させる。(218)
776,,クレーム,15,0,0,-,100,0,30,219,0,0,0,0,0,0,0,0,0,0,0,0,0,0,0,0,0,0,,0,,对手,,使对手不能连续使用相同的技能。,相手は同じスキルを2回連続でだせなくなる。(219)
172,,水の舞,3,0,0,-,100,0,20,220,0,0,0,0,0,0,0,0,0,0,0,0,0,0,0,0,0,0,,0,授予水属性,对手,,使对手变成水属性。,相手を水属性にする。(220)
320,,虎視眈々,6,0,0,-,‐,0,5,221,0,0,0,0,0,0,0,0,0,0,0,0,0,0,0,0,0,0,,0,无防备,对手,,使对手无防备。,相手を無防備にする。(221)
228,,胡蝶の舞,4,0,0,-,‐,0,20,222,0,0,0,0,0,0,0,0,0,0,0,0,0,0,0,0,0,-1/16,,0,HP回复,自身,,每回合回复1/16HP。,毎ターンＨＰを少しずつ回復する。(222)
422,,雷鳴,8,0,0,-,‐,3,1,223,0,0,0,0,0,0,0,0,0,0,0,0,0,0,0,0,0,0,,0,畏惧,对手,,使对手害怕。,相手をひるませる。(223)
28,,十文字,1,1,1,50,90,0,10,224,0,0,0,0,0,0,0,0,0,0,0,0,0,0,0,0,0,0,,0,2回连续,自身,,2回合连续攻击。,2回連続して攻撃する。(224)
259,,飛礫の流弾,5,1,1,50,90,0,10,224,0,0,0,0,0,0,0,0,0,0,0,0,0,0,0,0,0,0,,0,2回连续,自身,,2回合连续攻击。,2回連続して攻撃する。(224)
314,,シェイクギア,6,2,1,50,90,0,10,224,0,0,0,0,0,0,0,0,0,0,0,0,0,0,0,0,0,0,,0,2回连续,自身,,2回合连续攻击。,2回連続して攻撃する。(224)
507,,ダークアロー,10,1,1,50,90,0,10,224,0,0,0,0,0,0,0,0,0,0,0,0,0,0,0,0,0,0,,0,2回连续,自身,,2回合连续攻击。,2回連続して攻撃する。(224)
673,,双突,13,2,1,50,90,0,10,224,0,0,0,0,0,0,0,0,0,0,0,0,0,0,0,0,0,0,,0,2回连续,自身,,2回合连续攻击。,2回連続して攻撃する。(224)
744,,ワードブレイク,14,0,0,-,‐,0,5,225,0,0,0,0,0,0,0,0,0,0,0,0,0,0,0,0,0,0,,0,2技能无用（4回合）,对手,,使对手2个技能无法使用，持续4回合。,相手のスキル2つを4ターンのあいだ使えなくする。(225)
660,,クロスドライブ,13,1,1,100,100,0,15,226,0,0,0,0,-1,0,0,0,0,0,0,0,0,0,0,0,0,0,,0,,,,攻击后自身敏捷变化-1。,攻撃後自分の俊敏が1段階下がる。(226)
810,,不可逆トリック,17,2,2,80,‐,-4,10,228,0,0,0,0,0,0,0,0,0,0,0,0,0,0,0,0,0,0,,0,,,,无视防御结界及子机屏障进行攻击。对方使用变化技能时，此威力1.5倍。攻击一定命中。,防御結界とバリアオプションを無視し相手が变化スキルを使っていると威力が1．5倍になる。攻撃が必ず当たる。(228)
68,,想起,1,0,0,-,‐,3,5,229,0,0,0,0,0,0,0,0,0,0,0,0,0,0,0,0,0,0,,0,,对手,,复制对手的能力。（复制除血量外的其他能力值、特性、技能、属性。对子机屏障等状态无效。）,相手と同じ能力になる。(229)
812,,フォースシールド,17,0,0,-,100,4,10,230,0,0,0,0,0,0,0,0,0,0,0,0,0,0,0,0,0,1/16,,0,,,,使自身陷入无防备状态，无视属性结界，造成固定伤害。连续使用容易失败。,使ったターン無防備になり属性結界が無効になるが受けるダメージが小さくなる。連続で出すと失敗しやすい。(230)
67,,悠久之記録,1,0,0,-,‐,0,5,231,0,0,0,0,0,0,0,0,0,0,0,0,0,0,0,0,0,0,,0,,自身,,使用后，自身陷入状态不能并施放幸运之虹与两个力场（壁），但不发动萤石效果。,自分は戦闘不能になるが虹と壁を展開する。蛍石の効果は発揮しない。(231)
801,,オーバードライブ,17,1,2,130,90,0,5,234,-2,0,0,0,0,0,0,0,0,0,0,0,0,0,0,0,0,0,,0,,自身,,攻击后自身集弹变化-2。,攻撃後自分の集弾が2段階下がる。(234)
806,,迷霧散花,17,2,2,120,100,0,10,235,0,0,0,0,0,0,0,0,0,0,0,0,0,0,0,0,0,0,,0,蓄力,自身,,第一回合蓄力，第二回合攻击。当天气为浓雾时，不需蓄力直接攻击。,1ターン目で力を溜め2ターン目に攻撃する。気象が濃霧の時力を溜めずに使える。(235)
816,天气显现【雨】,気象発現「天気雨」,17,0,0,-,‐,0,10,236,0,0,0,0,0,0,0,0,0,0,0,0,0,0,0,0,0,0,,0,雨,気象,,使天气变为雨。,気象を天気雨にする。(236)
275,地相显现【黄龙】,地相発現「黄龍」,5,0,0,-,‐,0,10,237,0,0,0,0,0,0,0,0,0,0,0,0,0,0,0,0,0,0,,0,黄龙,地相,,使地相变为黄龙。,地相を黄龍にする。(237)
424,,ショックパライズ,8,0,0,-,85,0,10,238,0,0,0,0,0,0,0,0,0,0,0,0,0,0,0,0,0,0,,0,触电,对手,,使对手触电。对大地属性无效。,相手を感電状態にする。大地属性には効かない。(238)
527,,侵食闇気,10,0,0,-,85,0,10,239,0,0,0,0,0,0,0,0,0,0,0,0,0,0,0,0,0,0,,0,毒 & 黑暗,对手,,使对手中毒与黑暗。,相手を毒と暗闇状態にする。(239)
571,,酸涙,12,0,0,-,85,0,10,240,0,0,0,0,0,0,0,0,0,0,0,0,0,0,0,0,0,0,,0,毒 & 恐怖,对手,,使对手中毒与恐怖。,相手を毒と恐怖状態にする。(240)
626,,お化けごっこ,11,0,0,-,‐,0,10,241,0,0,0,0,0,0,0,0,0,0,0,0,0,0,0,0,0,0,,0,,,√,斗属性技能不会被命中。,闘属性のスキルが当たらなくなる。(241)
627,,破滅の瞳,11,0,0,-,85,0,10,242,0,0,0,0,0,0,0,0,0,0,0,0,0,0,0,0,0,0,,0,,对手,,使对手烧伤与恐怖。,相手を火傷と恐怖状態にする。(242)
360,,神速エアレイド,7,2,2,80,‐,0,20,243,0,0,0,0,0,0,0,0,0,0,0,0,0,0,0,0,0,0,,0,,对手,,忽略对手子机屏障进行攻击。攻击一定命中。,相手のバリアオプションを無視して攻撃できる。攻撃が必ず当たる。(243)
804,,ステルスマーダー,17,1,1,80,‐,0,20,243,0,0,0,0,0,0,0,0,0,0,0,0,0,0,0,0,0,0,,0,,对手,,忽略对手子机屏障进行攻击。攻击一定命中。,相手のバリアオプションを無視して攻撃できる。攻撃が必ず当たる。(243)
813,,エレメントリバース,17,0,0,-,100,0,10,244,0,0,0,0,0,0,0,0,0,0,0,0,0,0,0,0,0,0,,0,属性结界反转,对手,,反转对方的属性结界。,相手の属性結界を反転させる。(244)
814,,フィールドシフト,17,0,0,-,‐,4,10,245,0,0,0,0,0,0,0,0,0,0,0,0,0,0,0,0,0,0,,0,,对手,,将对方的子机屏障和墙壁转移到己方。,相手のバリアオプションや壁を自分の場に移動させる。(245)
815,,精神歪曲,17,0,0,-,80,0,10,246,0,0,0,0,0,0,0,0,0,0,0,0,0,0,0,0,0,0,,0,黑暗 & 混乱,对手,,使对手黑暗和混乱。,相手を暗闇と混乱状態にする。(246)
1023,,ダミー,1,0,0,-,100,8,15,247,0,0,0,0,0,0,0,0,0,0,0,0,0,0,0,0,0,0,,0,浓雾 & 朱雀,気象&地相,,使天气变为浓雾，地相变为朱雀。,気象を濃霧地相を朱雀にする。(247)
528,天地显现【红雾】,天地発現「紅霧」,10,0,0,-,‐,-7,5,247,0,0,0,0,0,0,0,0,0,0,0,0,0,0,0,0,0,0,,0,浓雾 & 朱雀,気象&地相,,使天气变为浓雾，地相变为朱雀。,気象を濃霧地相を朱雀にする。(247)
476,天地显现【白光】,天地発現「白光」,9,0,0,-,‐,-7,5,248,0,0,0,0,0,0,0,0,0,0,0,0,0,0,0,0,0,0,,0,极光 & 白虎,気象&地相,,使天气变为极光，地相变为白虎。,気象を極光地相を白虎にする。(248)
379,天地显现【静稳】,天地発現「静穏」,7,0,0,-,‐,-7,5,249,0,0,0,0,0,0,0,0,0,0,0,0,0,0,0,0,0,0,,0,凪 & 青龙,気象&地相,,使天气变为风，地相变为青龙。,気象を凪地相を青龍にする。(249)
277,天地显现【黄金】,天地発現「黄金」,5,0,0,-,‐,-7,5,250,0,0,0,0,0,0,0,0,0,0,0,0,0,0,0,0,0,0,,0,黄砂 & 黄龙,気象&地相,,使天气变为黄砂，地相变为黄龙。,気象を黄砂地相を黄龍にする。(250)
818,天地显现【黑雨】,天地発現「黒雨」,17,0,0,-,‐,-7,5,251,0,0,0,0,0,0,0,0,0,0,0,0,0,0,0,0,0,0,,0,雨 & 玄武,気象&地相,,使天气变为雨，地相变为玄武。,気象を天気雨地相を玄武にする。(251)
820,,天地無極,17,0,0,-,‐,0,15,252,0,0,0,0,0,0,0,0,0,0,0,0,0,0,0,0,0,0,,0,解除,気象&地相,,解除所有天气与地相。,全ての気象・地相を解除する。(252)
27,,やぶれかぶれ,16,1,1,51,‐,0,35,1023,0,0,0,0,0,0,0,0,0,0,0,0,0,0,0,0,0,1/3,,0,,自身,,受到自身HP 1/3 的反冲伤害。攻击一定命中。,自分の最大ＨＰの3分の1の反動ダメージを受ける。攻撃が必ず当たる。(1023)
